CNT	TIME	TIME_TICK	FPOGX	FPOGY	FPOGS	FPOGD	FPOGID	FPOGV	LPOGX	LPOGY	LPOGV	RPOGX	RPOGY	RPOGV	BPOGX	BPOGY	BPOGV	LPCX	LPCY	LPD	LPS	LPV	RPCX	RPCY	RPD	RPS	RPV	LEYEX	LEYEY	LEYEZ	LPUPILD	LPUPILV	REYEX	REYEY	REYEZ	RPUPILD	RPUPILV	CX	CY	CS	USER
216010	3549.64209	1207384361367	0.54131	0.36382	3549.59277	0.04932	3666	1	0.54061	0.37240	1	0.56422	0.36572	1	0.55241	0.36906	1	0.31234	0.56692	15.63841	1.07383	1	0.69254	0.54573	15.67633	1.07193	1	-0.03381	-0.00937	0.64876	0.00407	1	0.03497	-0.00692	0.64775	0.00407	1	-0.56719	0.62583	0	0
216011	3549.65869	1207384419609	0.54358	0.36608	3549.59277	0.06592	3666	1	0.54210	0.37844	1	0.56328	0.37179	1	0.55269	0.37512	1	0.31234	0.56692	15.83862	1.06479	1	0.69254	0.54573	15.67633	1.06288	1	-0.03147	-0.00875	0.60616	0.00383	1	0.03497	-0.00692	0.64775	0.00405	1	-0.56719	0.62583	0	TRIALSTART=true
216012	3549.67480	1207384476472	0.54628	0.36902	3549.59277	0.08203	3666	1	0.57961	0.38159	1	0.53985	0.38591	1	0.55973	0.38375	1	0.31297	0.56648	15.84927	1.05574	1	0.69316	0.54630	15.44704	1.05383	1	-0.03147	-0.00875	0.60616	0.00383	1	0.03497	-0.00692	0.64775	0.00405	1	-0.56719	0.62583	0	STEP 1: 1493324702790
216013	3549.69141	1207384534676	0.54693	0.37421	3549.59277	0.09863	3666	1	0.56654	0.39823	1	0.53514	0.41236	1	0.55084	0.40530	1	0.31269	0.56673	15.57264	1.04669	1	0.69298	0.54634	15.86938	1.04479	1	-0.03147	-0.00875	0.60616	0.00383	1	0.03497	-0.00692	0.64775	0.00405	1	-0.56719	0.62583	0	0
216014	3549.70776	1207384592498	0.54746	0.37883	3549.59277	0.11499	3666	1	0.56789	0.40425	1	0.53440	0.41821	1	0.55115	0.41123	1	0.31265	0.56725	15.18169	1.03764	1	0.69304	0.54603	15.43910	1.03574	1	-0.03147	-0.00875	0.60616	0.00358	1	0.03497	-0.00692	0.64775	0.00388	1	-0.56719	0.62583	0	0
216015	3549.72437	1207384650508	0.54781	0.38042	3549.59277	0.13159	3666	1	0.57204	0.39882	1	0.52922	0.38738	1	0.55063	0.39310	1	0.31264	0.56745	15.47486	1.02860	1	0.69304	0.54603	15.43910	1.02669	1	-0.03147	-0.00875	0.60616	0.00358	1	0.03497	-0.00692	0.64775	0.00388	1	-0.56719	0.62583	0	0
216016	3549.74072	1207384708188	0.54890	0.38400	3549.59277	0.14795	3666	1	0.57304	0.41208	1	0.54434	0.42040	1	0.55869	0.41624	1	0.31261	0.56751	15.43013	1.01955	1	0.69304	0.54603	15.43910	1.01764	1	-0.03147	-0.00875	0.60616	0.00358	1	0.03497	-0.00692	0.64775	0.00388	1	-0.56719	0.62583	0	0
216017	3549.75732	1207384766465	0.54981	0.38748	3549.59277	0.16455	3666	1	0.57438	0.41815	1	0.54350	0.42632	1	0.55894	0.42224	1	0.31268	0.56739	15.46789	1.01050	1	0.69299	0.54615	15.42194	1.00860	1	-0.03147	-0.00875	0.60616	0.00355	1	0.03497	-0.00692	0.64775	0.00378	1	-0.56719	0.62583	0	0
216018	3549.77368	1207384824108	0.54952	0.39078	3549.59277	0.18091	3666	1	0.56573	0.42479	1	0.52692	0.42934	1	0.54632	0.42706	1	0.31266	0.56753	15.32333	1.00145	1	0.69306	0.54632	15.44647	1.00860	1	-0.03147	-0.00875	0.60616	0.00355	1	0.03497	-0.00692	0.64775	0.00378	1	-0.56719	0.62583	0	0
216019	3549.79004	1207384881634	0.55028	0.39276	3549.59277	0.19727	3666	1	0.56030	0.40908	1	0.55846	0.42403	1	0.55938	0.41656	1	0.31254	0.56714	15.65019	1.00145	1	0.69287	0.54616	15.54777	1.00860	1	-0.03147	-0.00875	0.60616	0.00355	1	0.03497	-0.00692	0.64775	0.00378	1	-0.56719	0.62583	0	0
216020	3549.80640	1207384939564	0.55093	0.39446	3549.59277	0.21362	3666	1	0.56030	0.40908	1	0.55846	0.42403	1	0.55938	0.41656	1	0.31253	0.56713	15.59973	1.00145	1	0.69307	0.54631	15.68354	1.00860	1	-0.03147	-0.00875	0.60616	0.00355	1	0.03497	-0.00692	0.64775	0.00384	1	-0.56719	0.62583	0	0
216021	3549.82275	1207384996856	0.55185	0.39492	3549.59277	0.22998	3666	1	0.56810	0.39394	1	0.56144	0.40889	1	0.56477	0.40141	1	0.31256	0.56712	15.49271	1.00145	1	0.69284	0.54616	15.67624	1.00860	1	-0.03147	-0.00875	0.60616	0.00355	1	0.03497	-0.00692	0.64775	0.00384	1	-0.56719	0.62583	0	0
216022	3549.83911	1207385054730	0.55272	0.39707	3549.59277	0.24634	3666	1	0.56375	0.42697	1	0.56776	0.43152	1	0.56576	0.42925	1	0.31275	0.56713	15.81809	1.00145	1	0.69297	0.54628	15.63147	1.00860	1	-0.03147	-0.00875	0.60616	0.00355	1	0.03497	-0.00692	0.64775	0.00384	1	-0.56719	0.62583	0	0
216023	3549.85571	1207385113213	0.55349	0.39896	3549.59277	0.26294	3666	1	0.56375	0.42697	1	0.56776	0.43152	1	0.56576	0.42925	1	0.31265	0.56697	15.76470	1.00145	1	0.69305	0.54643	15.65416	1.00860	1	-0.03147	-0.00875	0.60616	0.00359	1	0.03497	-0.00692	0.64775	0.00384	1	-0.56719	0.62583	0	0
216024	3549.87207	1207385170729	0.55380	0.40067	3549.59277	0.27930	3666	1	0.57832	0.46612	1	0.53991	0.39349	1	0.55911	0.42981	1	0.31280	0.56682	15.65924	1.00145	1	0.69321	0.54603	15.51309	1.00860	1	-0.03147	-0.00875	0.60616	0.00359	1	0.03497	-0.00692	0.64775	0.00384	1	-0.56719	0.62583	0	0
216025	3549.88867	1207385228555	0.55480	0.40315	3549.59277	0.29590	3666	1	0.58729	0.46483	1	0.55818	0.43065	1	0.57273	0.44774	1	0.31304	0.56652	15.69574	1.00145	1	0.69366	0.54604	16.12509	1.00860	1	-0.03147	-0.00875	0.60616	0.00359	1	0.03497	-0.00692	0.64775	0.00384	1	-0.56719	0.62583	0	0
216026	3549.90503	1207385286572	0.55566	0.40523	3549.59277	0.31226	3666	1	0.58602	0.45910	1	0.55820	0.43049	1	0.57211	0.44480	1	0.31305	0.56679	15.83985	1.01050	1	0.69397	0.54579	15.44146	1.00883	1	-0.03365	-0.00939	0.65047	0.00390	1	0.03287	-0.00648	0.60677	0.00354	1	-0.56719	0.62583	0	0
216027	3549.92139	1207385343773	0.55629	0.40554	3549.59277	0.32861	3666	1	0.59171	0.42345	1	0.54600	0.39995	1	0.56886	0.41170	1	0.31311	0.56671	15.77840	1.01074	1	0.69373	0.54563	15.71434	1.00907	1	-0.03365	-0.00939	0.65047	0.00390	1	0.03287	-0.00648	0.60677	0.00354	1	-0.56719	0.62583	0	0
216028	3549.93799	1207385402217	0.55689	0.40622	3549.59277	0.34521	3666	1	0.58522	0.44504	1	0.55380	0.39568	1	0.56951	0.42036	1	0.31307	0.56666	15.66894	1.01098	1	0.69395	0.54575	15.39827	1.00931	1	-0.03365	-0.00939	0.65047	0.00390	1	0.03287	-0.00648	0.60677	0.00354	1	-0.56719	0.62583	0	0
216029	3549.95435	1207385459901	0.55744	0.40696	3549.59277	0.36157	3666	1	0.58586	0.44800	1	0.55333	0.39881	1	0.56960	0.42341	1	0.31326	0.56646	15.82356	1.00639	1	0.69387	0.54562	15.44103	1.00472	1	-0.03243	-0.00903	0.62577	0.00374	1	0.03287	-0.00648	0.60677	0.00353	1	-0.56719	0.62583	0	0
216030	3549.97070	1207385517537	0.55761	0.40789	3549.59277	0.37793	3666	1	0.58095	0.44467	1	0.54212	0.41392	1	0.56153	0.42930	1	0.31307	0.56665	15.96648	1.00180	1	0.69372	0.54617	15.40560	1.00014	1	-0.03243	-0.00903	0.62577	0.00374	1	0.03287	-0.00648	0.60677	0.00353	1	-0.56719	0.62583	0	0
216031	3549.98706	1207385575164	0.55735	0.40865	3549.59277	0.39429	3666	1	0.57417	0.43028	1	0.52767	0.42325	1	0.55092	0.42676	1	0.31290	0.56687	15.90145	0.99722	1	0.69348	0.54568	15.77857	0.99555	1	-0.03243	-0.00903	0.62577	0.00374	1	0.03287	-0.00648	0.60677	0.00353	1	-0.56719	0.62583	0	0
216032	3550.00342	1207385632580	0.55712	0.40935	3549.59277	0.41064	3666	1	0.57487	0.43334	1	0.52800	0.42043	1	0.55144	0.42689	1	0.31304	0.56646	15.59302	0.99263	1	0.69348	0.54585	15.91258	0.99977	1	-0.03285	-0.00906	0.63156	0.00367	1	0.03497	-0.00692	0.64775	0.00386	1	-0.56719	0.62583	0	0
216033	3550.02002	1207385690795	0.55696	0.41025	3549.59277	0.42725	3666	1	0.56707	0.44465	1	0.53865	0.42281	1	0.55286	0.43373	1	0.31288	0.56660	15.40945	0.99685	1	0.69335	0.54583	15.60907	0.99495	1	-0.03285	-0.00906	0.63156	0.00367	1	0.03497	-0.00692	0.64775	0.00386	1	-0.56719	0.62583	0	0
216034	3550.03638	1207385748623	0.55696	0.41135	3549.59277	0.44360	3666	1	0.57634	0.45458	1	0.53734	0.42724	1	0.55684	0.44091	1	0.31278	0.56669	15.87166	1.00083	1	0.69343	0.54564	15.88704	0.99893	1	-0.03285	-0.00906	0.63156	0.00367	1	0.03497	-0.00692	0.64775	0.00386	1	-0.56719	0.62583	0	0
216035	3550.05273	1207385806411	0.55695	0.41228	3549.59277	0.45996	3666	1	0.57575	0.45202	1	0.53769	0.42461	1	0.55672	0.43832	1	0.31269	0.56692	15.69582	1.00482	1	0.69350	0.54583	15.76760	1.00291	1	-0.03243	-0.00903	0.62577	0.00370	1	0.03497	-0.00692	0.64775	0.00384	1	-0.56719	0.62583	0	0
216036	3550.06934	1207385864161	0.55717	0.41265	3549.59277	0.47656	3666	1	0.58331	0.45853	1	0.54411	0.38818	1	0.56371	0.42335	1	0.31292	0.56679	15.64552	1.00880	1	0.69379	0.54598	15.73201	1.01172	1	-0.03243	-0.00903	0.62577	0.00370	1	0.03497	-0.00692	0.64775	0.00384	1	-0.56719	0.62583	0	0
216037	3550.08569	1207385921951	0.55760	0.41209	3549.59277	0.49292	3666	1	0.58315	0.42054	1	0.55750	0.37039	1	0.57032	0.39546	1	0.31327	0.56672	15.91143	1.01761	1	0.69378	0.54580	15.69274	1.02053	1	-0.03243	-0.00903	0.62577	0.00370	1	0.03497	-0.00692	0.64775	0.00384	1	-0.56719	0.62583	0	0
216038	3550.10181	1207385979053	0.55798	0.41133	3549.59277	0.50903	3666	1	0.58124	0.41147	1	0.55842	0.36413	1	0.56983	0.38780	1	0.31317	0.56637	15.80864	1.03125	1	0.69396	0.54599	15.78621	1.02947	1	-0.03319	-0.00920	0.64157	0.00392	1	0.03382	-0.00666	0.62333	0.00380	1	-0.56719	0.62583	0	0
216039	3550.11841	1207386037319	0.55832	0.41101	3549.59277	0.52563	3666	1	0.56666	0.40090	1	0.57190	0.40013	1	0.56928	0.40051	1	0.31383	0.56616	15.89836	1.04018	1	0.69400	0.54592	15.75498	1.03841	1	-0.03319	-0.00920	0.64157	0.00392	1	0.03382	-0.00666	0.62333	0.00380	1	-0.56719	0.62583	0	0
216040	3550.13501	1207386095205	0.55911	0.41055	3549.59277	0.54224	3666	1	0.57461	0.41498	1	0.59565	0.37579	1	0.58513	0.39539	1	0.31386	0.56612	15.75983	1.04031	1	0.69409	0.54573	15.70963	1.03853	1	-0.03319	-0.00920	0.64157	0.00392	1	0.03382	-0.00666	0.62333	0.00380	1	-0.56719	0.62583	0	0
216041	3550.15137	1207386152970	0.55986	0.41006	3549.59277	0.55859	3666	1	0.57460	0.41489	1	0.59630	0.37252	1	0.58545	0.39370	1	0.31378	0.56601	15.53749	1.04044	1	0.69422	0.54596	15.59406	1.04336	1	-0.03365	-0.00915	0.65047	0.00394	1	0.03569	-0.00702	0.65648	0.00401	1	-0.56719	0.62583	0	0
216042	3550.16797	1207386211816	0.55978	0.40975	3549.59277	0.57520	3666	1	0.54495	0.42049	1	0.56872	0.37683	1	0.55683	0.39866	1	0.31398	0.56586	15.82222	1.04526	1	0.69474	0.54608	15.91436	1.04818	1	-0.03365	-0.00915	0.65047	0.00394	1	0.03569	-0.00702	0.65648	0.00401	1	-0.56719	0.62583	0	0
216043	3550.18433	1207386268618	0.55958	0.40883	3549.59277	0.59155	3666	1	0.56239	0.37844	1	0.54247	0.37313	1	0.55243	0.37579	1	0.31429	0.56602	15.69863	1.05009	1	0.69460	0.54605	15.75936	1.05301	1	-0.03365	-0.00915	0.65047	0.00394	1	0.03569	-0.00702	0.65648	0.00401	1	-0.56719	0.62583	0	0
216044	3550.20068	1207386326376	0.55939	0.40796	3549.59277	0.60791	3666	1	0.56239	0.37844	1	0.54247	0.37313	1	0.55243	0.37579	1	0.31412	0.56633	15.85732	1.05009	1	0.69472	0.54626	16.00439	1.05301	1	-0.03244	-0.00887	0.63041	0.00394	1	0.03569	-0.00702	0.65648	0.00415	1	-0.56719	0.62583	0	0
216045	3550.21729	1207386384575	0.55930	0.40813	3549.59277	0.62451	3666	1	0.56341	0.44571	1	0.54806	0.38325	1	0.55573	0.41448	1	0.31443	0.56626	15.92184	1.05009	1	0.69501	0.54617	15.76961	1.04818	1	-0.03244	-0.00887	0.63041	0.00394	1	0.03569	-0.00702	0.65648	0.00415	1	-0.56719	0.62583	0	0
216046	3550.23364	1207386442252	0.55936	0.40821	3549.59277	0.64087	3666	1	0.57152	0.45765	1	0.55187	0.36505	1	0.56169	0.41135	1	0.31432	0.56632	16.18661	1.04996	1	0.69481	0.54616	15.89651	1.04806	1	-0.03244	-0.00887	0.63041	0.00394	1	0.03569	-0.00702	0.65648	0.00415	1	-0.56719	0.62583	0	0
216047	3550.24976	1207386499536	0.55941	0.40825	3549.59277	0.65698	3666	1	0.57083	0.45479	1	0.55187	0.36505	1	0.56135	0.40992	1	0.31459	0.56640	15.87859	1.05466	1	0.69501	0.54604	15.97392	1.04806	1	-0.03322	-0.00934	0.64670	0.00406	1	0.03399	-0.00691	0.62424	0.00392	1	-0.56719	0.62583	0	0
216048	3550.26636	1207386557438	0.56048	0.41286	3549.59277	0.67358	3666	1	0.59054	0.59288	1	0.61874	0.61086	1	0.60464	0.60187	1	0.31508	0.57303	15.80070	1.05466	1	0.69585	0.55308	15.53734	1.04806	1	-0.03322	-0.00934	0.64670	0.00406	1	0.03399	-0.00691	0.62424	0.00392	1	-0.56719	0.62583	0	0
216049	3550.28271	1207386614948	0.56099	0.41853	3549.59277	0.68994	3666	1	0.58895	0.65477	1	0.57510	0.65816	1	0.58203	0.65646	1	0.31522	0.57364	15.70998	1.04996	1	0.69601	0.55428	15.87131	1.04336	1	-0.03322	-0.00934	0.64670	0.00406	1	0.03399	-0.00691	0.62424	0.00392	1	-0.56719	0.62583	0	0
216050	3550.29907	1207386673018	0.57078	0.45779	3549.59277	0.68994	3666	0	0.59027	0.65885	1	0.57453	0.66014	1	0.58240	0.65950	1	0.31526	0.57490	15.77063	1.04044	1	0.69618	0.55464	15.67379	1.03853	1	-0.03217	-0.00951	0.62975	0.00387	1	0.03506	-0.00741	0.64267	0.00392	1	-0.56719	0.62583	0	0
216051	3550.31567	1207386730858	0.59074	0.55409	3549.59277	0.68994	3666	0	0.60785	0.64750	1	0.61356	0.65331	1	0.61070	0.65040	1	0.31548	0.57500	16.13271	1.03561	1	0.69632	0.55534	16.26937	1.03853	1	-0.03217	-0.00951	0.62975	0.00387	1	0.03506	-0.00741	0.64267	0.00392	1	-0.56719	0.62583	0	0
216052	3550.33203	1207386788183	0.59428	0.58633	3549.59277	0.68994	3666	0	0.62009	0.65192	1	0.58263	0.64967	1	0.60136	0.65079	1	0.31564	0.57497	16.07512	1.03561	1	0.69648	0.55534	16.54240	1.03853	1	-0.03217	-0.00951	0.62975	0.00387	1	0.03506	-0.00741	0.64267	0.00392	1	-0.56719	0.62583	0	0
216053	3550.34839	1207386846549	0.60448	0.64997	3549.59277	0.68994	3666	0	0.61954	0.64979	1	0.58324	0.64764	1	0.60139	0.64872	1	0.31563	0.57513	15.85959	1.04044	1	0.69680	0.55520	15.92010	1.04336	1	-0.03324	-0.00984	0.65195	0.00403	1	0.03537	-0.00743	0.64404	0.00401	1	-0.56719	0.62583	0	0
216054	3550.36475	1207386903773	0.59273	0.65398	3549.59277	0.68994	3666	0	0.59460	0.66479	1	0.56733	0.65118	1	0.58097	0.65798	1	0.31606	0.57518	16.35230	1.04526	1	0.69731	0.55581	16.03729	1.04336	1	-0.03324	-0.00984	0.65195	0.00403	1	0.03537	-0.00743	0.64404	0.00401	1	-0.56719	0.62583	0	0
216055	3550.38135	1207386961773	0.59352	0.66636	3549.59277	0.68994	3666	0	0.60606	0.70818	1	0.58416	0.67407	1	0.59511	0.69113	1	0.31609	0.57548	16.09425	1.04996	1	0.69768	0.55578	15.92863	1.04806	1	-0.03324	-0.00984	0.65195	0.00403	1	0.03537	-0.00743	0.64404	0.00401	1	-0.56719	0.62583	0	0
216056	3550.39771	1207387019597	0.59384	0.67279	3550.34839	0.04932	3667	1	0.60608	0.70823	1	0.58355	0.67597	1	0.59481	0.69210	1	0.31630	0.57536	15.81412	1.04983	1	0.69747	0.55601	16.31075	1.04323	1	-0.03223	-0.00962	0.63336	0.00394	1	0.03474	-0.00734	0.63150	0.00403	1	-0.56719	0.62583	0	0
216057	3550.41406	1207387077411	0.59161	0.66473	3550.34839	0.06567	3667	1	0.59050	0.61376	1	0.57486	0.65121	1	0.58268	0.63248	1	0.31654	0.57549	16.13394	1.04501	1	0.69788	0.55638	16.15655	1.04323	1	-0.03223	-0.00962	0.63336	0.00394	1	0.03474	-0.00734	0.63150	0.00403	1	-0.56719	0.62583	0	0
216058	3550.43066	1207387135620	0.58995	0.66146	3550.34839	0.08228	3667	1	0.58708	0.62776	1	0.57619	0.66241	1	0.58164	0.64509	1	0.31649	0.57543	16.04231	1.04031	1	0.69810	0.55655	16.20907	1.03853	1	-0.03223	-0.00962	0.63336	0.00394	1	0.03474	-0.00734	0.63150	0.00403	1	-0.56719	0.62583	0	0
216059	3550.44702	1207387193319	0.58881	0.65927	3550.34839	0.09863	3667	1	0.58774	0.62991	1	0.57619	0.66241	1	0.58196	0.64616	1	0.31675	0.57571	16.57548	1.03561	1	0.69817	0.55655	16.05428	1.03853	1	-0.03166	-0.00948	0.62433	0.00402	1	0.03577	-0.00767	0.64912	0.00406	1	-0.56719	0.62583	0	0
216060	3550.46362	1207387251239	0.58722	0.65504	3550.34839	0.11523	3667	1	0.59706	0.65654	1	0.55515	0.59421	1	0.57611	0.62537	1	0.31690	0.57541	16.45105	1.03561	1	0.69819	0.55656	16.12700	1.03371	1	-0.03166	-0.00948	0.62433	0.00402	1	0.03577	-0.00767	0.64912	0.00406	1	-0.56719	0.62583	0	0
216061	3550.47998	1207387308992	0.58455	0.65335	3550.34839	0.13159	3667	1	0.57276	0.65017	1	0.55358	0.62964	1	0.56317	0.63990	1	0.31711	0.57534	16.68092	1.03079	1	0.69823	0.55649	16.51922	1.02888	1	-0.03166	-0.00948	0.62433	0.00402	1	0.03577	-0.00767	0.64912	0.00406	1	-0.56719	0.62583	0	0
216062	3550.49634	1207387366737	0.58241	0.65201	3550.34839	0.14795	3667	1	0.57276	0.65017	1	0.55358	0.62964	1	0.56317	0.63990	1	0.31713	0.57531	16.63839	1.03079	1	0.69834	0.55667	16.55151	1.02888	1	-0.03307	-0.00992	0.65342	0.00420	1	0.03505	-0.00745	0.63610	0.00406	1	-0.56719	0.62583	0	0
216063	3550.51294	1207387424754	0.58128	0.64987	3550.34839	0.16455	3667	1	0.57386	0.63151	1	0.56604	0.62555	1	0.56995	0.62853	1	0.31714	0.57529	16.61204	1.03079	1	0.69841	0.55661	16.65381	1.03371	1	-0.03307	-0.00992	0.65342	0.00420	1	0.03505	-0.00745	0.63610	0.00406	1	-0.56719	0.62583	0	0
216064	3550.52930	1207387482439	0.58002	0.64803	3550.34839	0.18091	3667	1	0.56671	0.68215	1	0.56569	0.57341	1	0.56620	0.62778	1	0.31724	0.57554	16.95712	1.04031	1	0.69842	0.55669	16.77836	1.04323	1	-0.03307	-0.00992	0.65342	0.00420	1	0.03505	-0.00745	0.63610	0.00406	1	-0.56719	0.62583	0	0
216065	3550.54565	1207387540203	0.57892	0.64624	3550.34839	0.19727	3667	1	0.56520	0.67828	1	0.56623	0.57103	1	0.56571	0.62466	1	0.31722	0.57521	16.82753	1.04983	1	0.69848	0.55651	16.91158	1.04806	1	-0.03307	-0.00992	0.65342	0.00433	1	0.03456	-0.00734	0.62599	0.00416	1	-0.56719	0.62583	0	0
216066	3550.56226	1207387598182	0.57849	0.64649	3550.34839	0.21387	3667	1	0.57401	0.65656	1	0.57172	0.64309	1	0.57287	0.64982	1	0.31724	0.57500	16.71082	1.05466	1	0.69858	0.55639	16.65166	1.05288	1	-0.03307	-0.00992	0.65342	0.00433	1	0.03456	-0.00734	0.62599	0.00416	1	-0.56719	0.62583	0	0
216067	3550.57861	1207387655848	0.57752	0.64695	3550.34839	0.23022	3667	1	0.55926	0.64858	1	0.56862	0.65802	1	0.56394	0.65330	1	0.31723	0.57498	16.65182	1.05479	1	0.69856	0.55627	16.60397	1.05301	1	-0.03307	-0.00992	0.65342	0.00433	1	0.03456	-0.00734	0.62599	0.00416	1	-0.56719	0.62583	0	0
216068	3550.59497	1207387713984	0.57669	0.64728	3550.34839	0.24658	3667	1	0.55924	0.64852	1	0.56916	0.65605	1	0.56420	0.65229	1	0.31710	0.57472	17.04110	1.05491	1	0.69855	0.55607	16.71336	1.05783	1	-0.03307	-0.00992	0.65342	0.00440	1	0.03577	-0.00755	0.64912	0.00430	1	-0.56719	0.62583	0	0
216069	3550.61133	1207387771382	0.57650	0.64801	3550.34839	0.26294	3667	1	0.57565	0.67608	1	0.57125	0.64331	1	0.57345	0.65970	1	0.31706	0.57471	16.99928	1.05974	1	0.69849	0.55620	17.02365	1.05783	1	-0.03307	-0.00992	0.65342	0.00440	1	0.03577	-0.00755	0.64912	0.00430	1	-0.56719	0.62583	0	0
216070	3550.62769	1207387828761	0.57607	0.64789	3550.34839	0.27930	3667	1	0.56907	0.66391	1	0.56860	0.62783	1	0.56883	0.64587	1	0.31710	0.57537	16.68913	1.05974	1	0.69831	0.55621	16.73883	1.05783	1	-0.03307	-0.00992	0.65342	0.00440	1	0.03577	-0.00755	0.64912	0.00430	1	-0.56719	0.62583	0	0
216071	3550.64429	1207387887202	0.57569	0.64778	3550.34839	0.29590	3667	1	0.56907	0.66391	1	0.56860	0.62783	1	0.56883	0.64587	1	0.31712	0.57524	16.52551	1.05974	1	0.69833	0.55622	16.89225	1.05783	1	-0.03346	-0.00998	0.66116	0.00434	1	0.03505	-0.00745	0.63610	0.00426	1	-0.56719	0.62583	0	0
216072	3550.66064	1207387944855	0.57628	0.64686	3550.34839	0.31226	3667	1	0.57643	0.64415	1	0.59845	0.61459	1	0.58744	0.62937	1	0.31691	0.57542	16.48621	1.05974	1	0.69821	0.55632	16.73192	1.05783	1	-0.03346	-0.00998	0.66116	0.00434	1	0.03505	-0.00745	0.63610	0.00426	1	-0.56719	0.62583	0	0
216073	3550.67700	1207388002468	0.57116	0.64624	3550.34839	0.32861	3667	1	0.46471	0.66384	1	0.47306	0.60374	1	0.46888	0.63379	1	0.31384	0.57640	17.49375	1.06444	1	0.69464	0.55708	17.18899	1.06253	1	-0.03346	-0.00998	0.66116	0.00434	1	0.03505	-0.00745	0.63610	0.00426	1	-0.56719	0.62583	0	0
216074	3550.69360	1207388060478	0.56651	0.64573	3550.34839	0.34521	3667	1	0.46474	0.66389	1	0.47293	0.60596	1	0.46884	0.63493	1	0.31205	0.57637	17.06891	1.06431	1	0.69376	0.55670	16.89650	1.05771	1	-0.03285	-0.00959	0.63156	0.00430	1	0.03380	-0.00741	0.62716	0.00420	1	-0.56719	0.62583	0	TRIALEND= True
216075	3550.70972	1207388116924	0.55895	0.64599	3550.34839	0.36133	3667	1	0.38830	0.68407	1	0.39668	0.61947	1	0.39249	0.65177	1	0.30954	0.57666	16.82663	1.05949	1	0.68975	0.55663	17.29408	1.05288	1	-0.03285	-0.00959	0.63156	0.00430	1	0.03380	-0.00741	0.62716	0.00420	1	-0.56719	0.62583	0	TRIALSTART= True
216076	3550.72607	1207388174817	0.52453	0.64481	3550.34839	0.36133	3667	0	0.39052	0.68215	1	0.40719	0.63059	1	0.39886	0.65637	1	0.30940	0.57665	17.31060	1.04996	1	0.68976	0.55686	17.55355	1.04336	1	-0.03285	-0.00959	0.63156	0.00430	1	0.03380	-0.00741	0.62716	0.00420	1	-0.56719	0.62583	0	0
216077	3550.74292	1207388233707	0.46288	0.65346	3550.34839	0.36133	3667	0	0.39480	0.68748	1	0.40766	0.63673	1	0.40123	0.66211	1	0.30943	0.57671	17.39694	1.03622	1	0.68976	0.55686	17.55355	1.02961	1	-0.03147	-0.00921	0.60617	0.00410	1	0.03420	-0.00744	0.63462	0.00430	1	-0.56719	0.62583	0	0
216078	3550.75928	1207388291349	0.44522	0.67545	3550.34839	0.36133	3667	0	0.40180	0.72654	1	0.41804	0.71231	1	0.40992	0.71942	1	0.30958	0.57655	17.09282	1.02247	1	0.68992	0.55668	17.26983	1.01587	1	-0.03147	-0.00921	0.60617	0.00410	1	0.03420	-0.00744	0.63462	0.00430	1	-0.56719	0.62583	0	0
216079	3550.77588	1207388350390	0.40520	0.69536	3550.34839	0.36133	3667	0	0.41850	0.75550	1	0.39043	0.65359	1	0.40446	0.70455	1	0.30974	0.57628	17.36445	1.00872	1	0.69009	0.55692	17.22519	1.00212	1	-0.03147	-0.00921	0.60617	0.00410	1	0.03420	-0.00744	0.63462	0.00430	1	-0.56719	0.62583	0	0
216080	3550.79199	1207388406322	0.40599	0.70212	3550.34839	0.36133	3667	0	0.42268	0.76015	1	0.39089	0.65760	1	0.40678	0.70888	1	0.30984	0.57646	17.62039	0.99498	1	0.69020	0.55677	17.38772	0.99307	1	-0.03147	-0.00921	0.60617	0.00399	1	0.03534	-0.00767	0.65463	0.00424	1	-0.56719	0.62583	0	0
216081	3550.80835	1207388464041	0.40703	0.69737	3550.34839	0.36133	3667	0	0.42936	0.73596	1	0.38882	0.63976	1	0.40909	0.68786	1	0.30984	0.57634	17.48621	0.98593	1	0.69023	0.55694	17.32791	0.98885	1	-0.03147	-0.00921	0.60617	0.00399	1	0.03534	-0.00767	0.65463	0.00424	1	-0.56719	0.62583	0	0
216082	3550.82495	1207388522398	0.40712	0.69838	3550.77588	0.04907	3668	1	0.42898	0.74478	1	0.38582	0.65805	1	0.40740	0.70141	1	0.30984	0.57634	17.48621	0.98641	1	0.68999	0.55687	17.30795	0.98933	1	-0.03147	-0.00921	0.60617	0.00399	1	0.03534	-0.00767	0.65463	0.00424	1	-0.56719	0.62583	0	0
216083	3550.84131	1207388579864	0.40716	0.69895	3550.77588	0.06543	3668	1	0.42884	0.74461	1	0.38579	0.65783	1	0.40731	0.70122	1	0.30972	0.57647	17.40107	0.98688	1	0.69002	0.55678	17.30379	0.98980	1	-0.03147	-0.00921	0.60617	0.00390	1	0.03497	-0.00765	0.64775	0.00416	1	-0.56719	0.62583	0	0
216084	3550.85791	1207388638402	0.40800	0.69795	3550.77588	0.08203	3668	1	0.40870	0.70919	1	0.41573	0.67673	1	0.41221	0.69296	1	0.30937	0.57636	17.23123	0.98736	1	0.68994	0.55699	17.43080	0.99450	1	-0.03147	-0.00921	0.60617	0.00390	1	0.03497	-0.00765	0.64775	0.00416	1	-0.56719	0.62583	0	0
216085	3550.87402	1207388695540	0.40980	0.69759	3550.77588	0.09814	3668	1	0.43292	0.70258	1	0.40829	0.68830	1	0.42061	0.69544	1	0.30923	0.57682	17.18460	0.99206	1	0.68973	0.55726	17.36517	0.99920	1	-0.03147	-0.00921	0.60617	0.00390	1	0.03497	-0.00765	0.64775	0.00416	1	-0.56719	0.62583	0	0
216086	3550.89038	1207388753034	0.41088	0.69675	3550.77588	0.11450	3668	1	0.42892	0.69716	1	0.40798	0.68461	1	0.41845	0.69088	1	0.30944	0.57685	17.11813	1.00580	1	0.68965	0.55720	17.36110	1.00825	1	-0.03381	-0.00985	0.64876	0.00419	1	0.03380	-0.00741	0.62716	0.00412	1	-0.56719	0.62583	0	0
216087	3550.90698	1207388811360	0.40968	0.69486	3550.77588	0.13110	3668	1	0.40787	0.70080	1	0.39224	0.65870	1	0.40006	0.67975	1	0.30917	0.57700	17.18492	1.01485	1	0.68956	0.55739	17.12141	1.01730	1	-0.03381	-0.00985	0.64876	0.00419	1	0.03380	-0.00741	0.62716	0.00412	1	-0.56719	0.62583	0	0
216088	3550.92334	1207388868859	0.40739	0.69349	3550.77588	0.14746	3668	1	0.39561	0.69324	1	0.37791	0.66895	1	0.38676	0.68110	1	0.30899	0.57706	17.39492	1.01920	1	0.68943	0.55741	17.29807	1.02164	1	-0.03381	-0.00985	0.64876	0.00419	1	0.03380	-0.00741	0.62716	0.00412	1	-0.56719	0.62583	0	0
216089	3550.93970	1207388926699	0.40543	0.69211	3550.77588	0.16382	3668	1	0.39424	0.69155	1	0.37735	0.66515	1	0.38580	0.67835	1	0.30880	0.57730	17.28049	1.02355	1	0.68943	0.55741	17.29807	1.03069	1	-0.03381	-0.00985	0.64876	0.00430	1	0.03491	-0.00769	0.65119	0.00435	1	-0.56719	0.62583	0	0
216090	3550.95630	1207388984484	0.40321	0.69059	3550.77588	0.18042	3668	1	0.39636	0.69924	1	0.36134	0.64853	1	0.37885	0.67389	1	0.30892	0.57711	17.37424	1.03260	1	0.68901	0.55703	17.31186	1.03974	1	-0.03381	-0.00985	0.64876	0.00430	1	0.03491	-0.00769	0.65119	0.00435	1	-0.56719	0.62583	0	0
216091	3550.97266	1207389042368	0.40285	0.68633	3550.77588	0.19678	3668	1	0.38705	0.63757	1	0.41004	0.63273	1	0.39854	0.63515	1	0.30888	0.57713	17.48781	1.04164	1	0.68909	0.55702	17.31787	1.04879	1	-0.03381	-0.00985	0.64876	0.00430	1	0.03491	-0.00769	0.65119	0.00435	1	-0.56719	0.62583	0	0
216092	3550.98926	1207389100456	0.40243	0.68239	3550.77588	0.21338	3668	1	0.38422	0.63369	1	0.40976	0.62873	1	0.39699	0.63121	1	0.30874	0.57727	17.64156	1.05069	1	0.68912	0.55725	17.45426	1.05783	1	-0.03381	-0.00985	0.64876	0.00451	1	0.03491	-0.00769	0.65119	0.00451	1	-0.56719	0.62583	0	0
216093	3551.00537	1207389157683	0.40165	0.68031	3550.77588	0.22949	3668	1	0.38483	0.64147	1	0.39645	0.66101	1	0.39064	0.65124	1	0.30869	0.57734	17.64143	1.05974	1	0.68886	0.55701	17.47222	1.05783	1	-0.03381	-0.00985	0.64876	0.00451	1	0.03491	-0.00769	0.65119	0.00451	1	-0.56719	0.62583	0	0
216094	3551.02222	1207389216237	0.40066	0.67781	3550.77588	0.24634	3668	1	0.37994	0.62779	1	0.39180	0.65273	1	0.38587	0.64026	1	0.30874	0.57727	17.64156	1.06444	1	0.68887	0.55690	17.32701	1.06253	1	-0.03381	-0.00985	0.64876	0.00451	1	0.03491	-0.00769	0.65119	0.00451	1	-0.56719	0.62583	0	0
216095	3551.03857	1207389273985	0.39974	0.67548	3550.77588	0.26270	3668	1	0.37847	0.62578	1	0.39158	0.65076	1	0.38503	0.63827	1	0.30856	0.57708	17.53374	1.06914	1	0.68895	0.55688	17.41123	1.06723	1	-0.03381	-0.00985	0.64876	0.00456	1	0.03467	-0.00746	0.64663	0.00451	1	-0.56719	0.62583	0	0
216096	3551.05469	1207389331142	0.39990	0.66645	3550.77588	0.27881	3668	1	0.38703	0.52324	1	0.41820	0.50258	1	0.40262	0.51291	1	0.30907	0.57271	17.46428	1.07383	1	0.68856	0.55020	16.67438	1.07193	1	-0.03381	-0.00985	0.64876	0.00456	1	0.03467	-0.00746	0.64663	0.00451	1	-0.56719	0.62583	0	0
216097	3551.07129	1207389389263	0.39516	0.63124	3550.77588	0.27881	3668	0	0.39424	0.48523	1	0.43031	0.43856	1	0.41228	0.46189	1	0.30927	0.56943	16.40340	1.07383	1	0.68827	0.54931	16.59127	1.07193	1	-0.03381	-0.00985	0.64876	0.00456	1	0.03467	-0.00746	0.64663	0.00451	1	-0.56719	0.62583	0	0
216098	3551.08765	1207389446868	0.40372	0.54657	3550.77588	0.27881	3668	0	0.39424	0.48523	1	0.43031	0.43856	1	0.41228	0.46189	1	0.30928	0.57002	17.40545	1.07383	1	0.68833	0.54787	16.93680	1.07193	1	-0.03381	-0.00937	0.64876	0.00455	1	0.03487	-0.00710	0.65263	0.00444	1	-0.56719	0.62583	0	0
216099	3551.10449	1207389506309	0.40022	0.50999	3550.77588	0.27881	3668	0	0.38710	0.45390	1	0.39934	0.41976	1	0.39322	0.43683	1	0.30914	0.56897	17.41252	1.07383	1	0.68831	0.54679	16.44481	1.07193	1	-0.03381	-0.00937	0.64876	0.00455	1	0.03487	-0.00710	0.65263	0.00444	1	-0.56719	0.62583	0	0
216100	3551.12085	1207389563169	0.40054	0.44907	3550.77588	0.27881	3668	0	0.38443	0.44257	1	0.40783	0.45441	1	0.39613	0.44849	1	0.30900	0.56898	17.37829	1.07383	1	0.68847	0.54661	16.31308	1.07193	1	-0.03381	-0.00937	0.64876	0.00455	1	0.03487	-0.00710	0.65263	0.00444	1	-0.56719	0.62583	0	0
216101	3551.13721	1207389620892	0.39834	0.44878	3550.77588	0.27881	3668	0	0.38443	0.44257	1	0.40783	0.45441	1	0.39613	0.44849	1	0.30900	0.56893	17.37757	1.07383	1	0.68842	0.54678	16.82529	1.07193	1	-0.03381	-0.00937	0.64876	0.00454	1	0.03487	-0.00697	0.65263	0.00441	1	-0.56719	0.62583	0	0
216102	3551.15332	1207389678107	0.40133	0.44108	3550.77588	0.27881	3668	0	0.41182	0.41839	1	0.40280	0.43297	1	0.40731	0.42568	1	0.30882	0.56874	17.36921	1.07383	1	0.68851	0.54647	16.25537	1.07193	1	-0.03381	-0.00937	0.64876	0.00454	1	0.03487	-0.00697	0.65263	0.00441	1	-0.56719	0.62583	0	0
216103	3551.16992	1207389735867	0.40351	0.43814	3551.12085	0.04907	3669	1	0.40704	0.42913	1	0.41311	0.42949	1	0.41007	0.42931	1	0.30878	0.56861	17.54318	1.07383	1	0.68871	0.54620	16.53527	1.07193	1	-0.03381	-0.00937	0.64876	0.00454	1	0.03487	-0.00697	0.65263	0.00441	1	-0.56719	0.62583	0	0
216104	3551.18628	1207389793868	0.40498	0.43726	3551.12085	0.06543	3669	1	0.40835	0.43202	1	0.41336	0.43544	1	0.41085	0.43373	1	0.30876	0.56867	17.50814	1.06901	1	0.68865	0.54623	16.53790	1.06241	1	-0.03290	-0.00910	0.63020	0.00442	1	0.03314	-0.00662	0.61934	0.00408	1	-0.56719	0.62583	0	0
216105	3551.20288	1207389852118	0.40649	0.43652	3551.12085	0.08203	3669	1	0.40996	0.43070	1	0.41814	0.43497	1	0.41405	0.43284	1	0.30866	0.56867	17.58457	1.05948	1	0.68867	0.54644	16.66307	1.05288	1	-0.03290	-0.00910	0.63020	0.00442	1	0.03314	-0.00662	0.61934	0.00408	1	-0.56719	0.62583	0	0
216106	3551.21924	1207389909772	0.40783	0.43747	3551.12085	0.09839	3669	1	0.40663	0.42529	1	0.42503	0.46105	1	0.41583	0.44317	1	0.30866	0.56866	17.58749	1.04996	1	0.68846	0.54640	16.76285	1.04336	1	-0.03290	-0.00910	0.63020	0.00442	1	0.03314	-0.00662	0.61934	0.00408	1	-0.56719	0.62583	0	0
216107	3551.23584	1207389967752	0.40900	0.43873	3551.12085	0.11499	3669	1	0.40928	0.43115	1	0.42510	0.46399	1	0.41719	0.44757	1	0.30865	0.56881	17.78400	1.04044	1	0.68849	0.54663	17.05211	1.03853	1	-0.03290	-0.00910	0.63020	0.00437	1	0.03467	-0.00697	0.64663	0.00429	1	-0.56719	0.62583	0	0
216108	3551.25220	1207390025286	0.40960	0.44166	3551.12085	0.13135	3669	1	0.41609	0.48233	1	0.41271	0.44776	1	0.41440	0.46504	1	0.30879	0.56905	17.91926	1.03561	1	0.68872	0.54681	16.99670	1.03371	1	-0.03290	-0.00910	0.63020	0.00437	1	0.03467	-0.00697	0.64663	0.00429	1	-0.56719	0.62583	0	0
216109	3551.26855	1207390083235	0.40949	0.44475	3551.12085	0.14771	3669	1	0.39913	0.48579	1	0.41798	0.45950	1	0.40855	0.47265	1	0.30899	0.56925	17.86303	1.03079	1	0.68860	0.54768	17.16333	1.02888	1	-0.03290	-0.00910	0.63020	0.00437	1	0.03467	-0.00697	0.64663	0.00429	1	-0.56719	0.62583	0	0
216110	3551.28491	1207390140651	0.40941	0.44729	3551.12085	0.16406	3669	1	0.39913	0.48579	1	0.41798	0.45950	1	0.40855	0.47265	1	0.30918	0.56920	18.05819	1.03079	1	0.68876	0.54705	16.56449	1.02888	1	-0.03381	-0.00937	0.64876	0.00453	1	0.03467	-0.00709	0.64663	0.00413	1	-0.56719	0.62583	0	0
216111	3551.30151	1207390199079	0.41093	0.44884	3551.12085	0.18066	3669	1	0.41165	0.47051	1	0.44378	0.46137	1	0.42772	0.46594	1	0.30971	0.56838	18.18432	1.03079	1	0.68947	0.54675	16.63852	1.03371	1	-0.03381	-0.00937	0.64876	0.00453	1	0.03467	-0.00709	0.64663	0.00413	1	-0.56719	0.62583	0	0
216112	3551.31787	1207390256763	0.41084	0.44976	3551.12085	0.19702	3669	1	0.40875	0.47118	1	0.41062	0.45032	1	0.40968	0.46075	1	0.30976	0.56864	18.19903	1.04031	1	0.68992	0.54720	16.37874	1.04323	1	-0.03381	-0.00937	0.64876	0.00453	1	0.03467	-0.00709	0.64663	0.00413	1	-0.56719	0.62583	0	0
216113	3551.33423	1207390313988	0.41071	0.45045	3551.12085	0.21338	3669	1	0.40743	0.46846	1	0.41062	0.45032	1	0.40902	0.45939	1	0.30983	0.56877	17.95333	1.04501	1	0.68994	0.54706	16.39563	1.04323	1	-0.03243	-0.00903	0.62577	0.00440	1	0.03380	-0.00694	0.62716	0.00402	1	-0.56719	0.62583	0	0
216114	3551.35083	1207390372444	0.41130	0.45004	3551.12085	0.22998	3669	1	0.41404	0.45190	1	0.42506	0.43676	1	0.41955	0.44433	1	0.30983	0.56842	17.42647	1.04501	1	0.69008	0.54687	16.28832	1.04323	1	-0.03243	-0.00903	0.62577	0.00440	1	0.03380	-0.00694	0.62716	0.00402	1	-0.56719	0.62583	0	0
216115	3551.36719	1207390430218	0.41107	0.44988	3551.12085	0.24634	3669	1	0.42089	0.45485	1	0.39444	0.44018	1	0.40766	0.44752	1	0.31012	0.56863	18.06476	1.04031	1	0.69003	0.54737	16.91667	1.03853	1	-0.03243	-0.00903	0.62577	0.00440	1	0.03380	-0.00694	0.62716	0.00402	1	-0.56719	0.62583	0	0
216116	3551.38330	1207390487140	0.41091	0.44983	3551.12085	0.26245	3669	1	0.42216	0.45766	1	0.39444	0.44018	1	0.40830	0.44892	1	0.30999	0.56847	17.83999	1.03561	1	0.68997	0.54746	17.32534	1.03853	1	-0.03243	-0.00903	0.62577	0.00434	1	0.03497	-0.00717	0.64775	0.00437	1	-0.56719	0.62583	0	0
216117	3551.39990	1207390545637	0.41107	0.44884	3551.12085	0.27905	3669	1	0.42211	0.43624	1	0.40552	0.42800	1	0.41381	0.43212	1	0.31004	0.56825	17.87721	1.03561	1	0.69017	0.54658	16.64500	1.03371	1	-0.03243	-0.00903	0.62577	0.00434	1	0.03497	-0.00717	0.64775	0.00437	1	-0.56719	0.62583	0	0
216118	3551.41650	1207390603346	0.41084	0.44725	3551.12085	0.29565	3669	1	0.41712	0.43435	1	0.39643	0.40293	1	0.40678	0.41864	1	0.31002	0.56789	18.03676	1.03079	1	0.69023	0.54643	16.90198	1.02888	1	-0.03243	-0.00903	0.62577	0.00434	1	0.03497	-0.00717	0.64775	0.00437	1	-0.56719	0.62583	0	0
216119	3551.43262	1207390660654	0.41068	0.44598	3551.12085	0.31177	3669	1	0.41845	0.43734	1	0.39663	0.40620	1	0.40754	0.42177	1	0.30997	0.56794	18.13128	1.02596	1	0.69030	0.54650	17.13760	1.02406	1	-0.03243	-0.00903	0.62577	0.00437	1	0.03476	-0.00694	0.64389	0.00424	1	-0.56719	0.62583	0	0
216120	3551.44922	1207390719049	0.41121	0.44668	3551.12085	0.32837	3669	1	0.41688	0.47922	1	0.42671	0.44226	1	0.42180	0.46074	1	0.30993	0.56781	18.06152	1.02114	1	0.69021	0.54636	17.10937	1.02406	1	-0.03243	-0.00903	0.62577	0.00437	1	0.03476	-0.00694	0.64389	0.00424	1	-0.56719	0.62583	0	0
216121	3551.46558	1207390776321	0.41131	0.44685	3551.12085	0.34473	3669	1	0.40111	0.46484	1	0.42567	0.43597	1	0.41339	0.45041	1	0.30971	0.56796	18.63305	1.02583	1	0.68987	0.54612	17.02259	1.02875	1	-0.03243	-0.00903	0.62577	0.00437	1	0.03476	-0.00694	0.64389	0.00424	1	-0.56719	0.62583	0	0
216122	3551.48193	1207390834137	0.41133	0.44675	3551.12085	0.36108	3669	1	0.39834	0.45920	1	0.42552	0.42985	1	0.41193	0.44452	1	0.30972	0.56789	18.56334	1.03536	1	0.68980	0.54594	17.25362	1.03828	1	-0.03381	-0.00937	0.64876	0.00468	1	0.03509	-0.00697	0.65228	0.00438	1	-0.56719	0.62583	0	0
216123	3551.49878	1207390892740	0.41233	0.44697	3551.12085	0.37793	3669	1	0.41898	0.47001	1	0.45162	0.43395	1	0.43530	0.45198	1	0.30946	0.56804	18.67291	1.04488	1	0.68965	0.54600	17.24533	1.04780	1	-0.03381	-0.00937	0.64876	0.00468	1	0.03509	-0.00697	0.65228	0.00438	1	-0.56719	0.62583	0	0
216124	3551.51489	1207390949837	0.41305	0.44577	3551.12085	0.39404	3669	1	0.41736	0.40960	1	0.44316	0.42428	1	0.43026	0.41694	1	0.30944	0.56814	18.55124	1.04971	1	0.68953	0.54598	17.58510	1.05263	1	-0.03381	-0.00937	0.64876	0.00468	1	0.03509	-0.00697	0.65228	0.00438	1	-0.56719	0.62583	0	0
216125	3551.53149	1207391007747	0.41369	0.44454	3551.12085	0.41064	3669	1	0.41607	0.40656	1	0.44316	0.42120	1	0.42962	0.41388	1	0.30898	0.56771	17.91971	1.05453	1	0.68963	0.54587	17.37243	1.05745	1	-0.03437	-0.00939	0.65493	0.00464	1	0.03487	-0.00697	0.65263	0.00450	1	-0.56719	0.62583	0	0
216126	3551.54785	1207391065615	0.40777	0.43837	3551.12085	0.42700	3669	1	0.23611	0.29367	1	0.27168	0.26252	1	0.25389	0.27809	1	0.30267	0.56402	19.11217	1.05936	1	0.68221	0.54268	17.78510	1.06228	1	-0.03437	-0.00939	0.65493	0.00464	1	0.03487	-0.00697	0.65263	0.00450	1	-0.56719	0.62583	0	0
216127	3551.56421	1207391123562	0.38136	0.40628	3551.12085	0.42700	3669	0	0.11939	0.23883	1	0.16791	0.23595	1	0.14365	0.23739	1	0.29924	0.56187	19.47985	1.06418	1	0.67710	0.53966	18.75363	1.06710	1	-0.03437	-0.00939	0.65493	0.00464	1	0.03487	-0.00697	0.65263	0.00450	1	-0.56719	0.62583	0	0
216128	3551.58081	1207391181560	0.26166	0.31997	3551.12085	0.42700	3669	0	0.11713	0.23540	1	0.16679	0.23191	1	0.14196	0.23365	1	0.29878	0.56081	19.45572	1.06901	1	0.67671	0.53833	18.56589	1.07193	1	-0.03497	-0.00887	0.64775	0.00505	1	0.03322	-0.00631	0.64670	0.00483	1	-0.56719	0.62583	0	0
216129	3551.59717	1207391239060	0.22195	0.26709	3551.12085	0.42700	3669	0	0.14264	0.14383	1	0.14244	0.17884	1	0.14254	0.16133	1	0.29753	0.55904	19.79287	1.07383	1	0.67551	0.53712	19.00177	1.07193	1	-0.03497	-0.00887	0.64775	0.00505	1	0.03322	-0.00631	0.64670	0.00483	1	-0.56719	0.62583	0	0
216130	3551.61353	1207391296325	0.13836	0.17889	3551.12085	0.42700	3669	0	0.13006	0.12783	1	0.13108	0.15554	1	0.13057	0.14168	1	0.29787	0.55892	19.77536	1.07383	1	0.67569	0.53686	18.68662	1.07193	1	-0.03497	-0.00887	0.64775	0.00505	1	0.03322	-0.00631	0.64670	0.00483	1	-0.56719	0.62583	0	0
216131	3551.62988	1207391354434	0.13634	0.16523	3551.12085	0.42700	3669	0	0.13403	0.13499	1	0.13464	0.16814	1	0.13433	0.15157	1	0.29752	0.55907	19.60415	1.06479	1	0.67598	0.53651	18.36886	1.05818	1	-0.03287	-0.00831	0.60676	0.00475	1	0.03244	-0.00615	0.63041	0.00460	1	-0.56719	0.62583	0	0
216132	3551.64648	1207391412248	0.13718	0.16893	3551.12085	0.42700	3669	0	0.13710	0.15427	1	0.14059	0.19839	1	0.13885	0.17633	1	0.29773	0.55941	19.48397	1.05104	1	0.67625	0.53679	18.32494	1.04444	1	-0.03287	-0.00831	0.60676	0.00475	1	0.03244	-0.00615	0.63041	0.00460	1	-0.56719	0.62583	0	0
216133	3551.66309	1207391470842	0.13811	0.17470	3551.61353	0.04956	3670	1	0.13878	0.17510	1	0.14306	0.20895	1	0.14092	0.19203	1	0.29770	0.55920	19.91270	1.03729	1	0.67606	0.53648	18.50606	1.03069	1	-0.03287	-0.00831	0.60676	0.00475	1	0.03244	-0.00615	0.63041	0.00460	1	-0.56719	0.62583	0	0
216134	3551.67920	1207391528113	0.13966	0.18048	3551.61353	0.06567	3670	1	0.14506	0.18589	1	0.14664	0.22129	1	0.14585	0.20359	1	0.29776	0.55928	20.03581	1.02355	1	0.67589	0.53701	19.23261	1.01694	1	-0.03287	-0.00831	0.60676	0.00467	1	0.03244	-0.00615	0.63041	0.00462	1	-0.56719	0.62583	0	0
216135	3551.69580	1207391585956	0.14077	0.18331	3551.61353	0.08228	3670	1	0.14209	0.17564	1	0.15057	0.21922	1	0.14633	0.19743	1	0.29744	0.55944	19.70811	1.00980	1	0.67625	0.53654	18.28439	1.00320	1	-0.03287	-0.00831	0.60676	0.00467	1	0.03244	-0.00615	0.63041	0.00462	1	-0.56719	0.62583	0	0
216136	3551.71313	1207391647189	0.14214	0.18807	3551.61353	0.09961	3670	1	0.14475	0.20274	1	0.15600	0.23055	1	0.15037	0.21664	1	0.29697	0.55944	19.76618	0.99606	1	0.67637	0.53684	18.08571	0.98945	1	-0.03287	-0.00831	0.60676	0.00467	1	0.03244	-0.00615	0.63041	0.00462	1	-0.56719	0.62583	0	STEP 3: 1493324704827
216137	3551.72852	1207391701007	0.14339	0.19214	3551.61353	0.11499	3670	1	0.14698	0.20648	1	0.15722	0.23482	1	0.15210	0.22065	1	0.29691	0.55972	19.84599	0.99136	1	0.67615	0.53671	18.27141	0.98475	1	-0.03569	-0.00899	0.65648	0.00484	1	0.03244	-0.00615	0.63041	0.00425	1	-0.56719	0.62583	0	0
216138	3551.74487	1207391759028	0.14448	0.19508	3551.61353	0.13135	3670	1	0.16499	0.19345	1	0.14145	0.24367	1	0.15322	0.21856	1	0.29680	0.55958	19.53186	0.98666	1	0.67592	0.53665	18.36083	0.98910	1	-0.03569	-0.00899	0.65648	0.00484	1	0.03244	-0.00615	0.63041	0.00425	1	-0.56719	0.62583	0	0
216139	3551.76123	1207391816663	0.14592	0.19787	3551.61353	0.14771	3670	1	0.18824	0.19662	1	0.12944	0.24948	1	0.15884	0.22305	1	0.29640	0.56010	19.15199	0.99571	1	0.67586	0.53677	18.39670	0.99815	1	-0.03569	-0.00899	0.65648	0.00484	1	0.03244	-0.00615	0.63041	0.00425	1	-0.56719	0.62583	0	0
216140	3551.77783	1207391874693	0.14689	0.19965	3551.61353	0.16431	3670	1	0.18638	0.19321	1	0.12692	0.24157	1	0.15665	0.21739	1	0.29604	0.55969	19.32979	0.99993	1	0.67574	0.53733	19.09964	1.00707	1	-0.03399	-0.00854	0.62424	0.00452	1	0.03296	-0.00632	0.64176	0.00463	1	-0.56719	0.62583	0	0
216141	3551.79419	1207391932013	0.14314	0.20054	3551.61353	0.18066	3670	1	0.11671	0.22812	1	0.08701	0.19262	1	0.10186	0.21037	1	0.29529	0.56042	19.51474	1.00885	1	0.67433	0.53757	19.06837	1.01599	1	-0.03399	-0.00854	0.62424	0.00452	1	0.03296	-0.00632	0.64176	0.00463	1	-0.56719	0.62583	0	0
216142	3551.81079	1207391990335	0.14099	0.19966	3551.61353	0.19727	3670	1	0.10642	0.21298	1	0.12390	0.16518	1	0.11516	0.18908	1	0.29529	0.56042	19.51474	1.01777	1	0.67367	0.53756	18.93146	1.02491	1	-0.03399	-0.00854	0.62424	0.00452	1	0.03296	-0.00632	0.64176	0.00463	1	-0.56719	0.62583	0	0
216143	3551.82715	1207392048197	0.13890	0.19836	3551.61353	0.21362	3670	1	0.10202	0.20621	1	0.12144	0.15670	1	0.11173	0.18145	1	0.29467	0.56098	19.44053	1.02669	1	0.67360	0.53760	19.02475	1.03383	1	-0.03468	-0.00872	0.63257	0.00473	1	0.03324	-0.00642	0.65195	0.00481	1	-0.56719	0.62583	0	0
216144	3551.84351	1207392105659	0.13659	0.19544	3551.61353	0.22998	3670	1	0.08708	0.15240	1	0.12147	0.15682	1	0.10428	0.15461	1	0.29420	0.56094	19.04066	1.03561	1	0.67365	0.53750	18.84924	1.03371	1	-0.03468	-0.00872	0.63257	0.00473	1	0.03324	-0.00642	0.65195	0.00481	1	-0.56719	0.62583	0	0
216145	3551.85986	1207392163360	0.13500	0.19338	3551.61353	0.24634	3670	1	0.10931	0.17101	1	0.11313	0.15392	1	0.11122	0.16246	1	0.29421	0.56136	19.09487	1.03548	1	0.67353	0.53745	18.85509	1.03358	1	-0.03468	-0.00872	0.63257	0.00473	1	0.03324	-0.00642	0.65195	0.00481	1	-0.56719	0.62583	0	0
216146	3551.87622	1207392220904	0.13365	0.19170	3551.61353	0.26270	3670	1	0.10937	0.17111	1	0.11449	0.15852	1	0.11193	0.16482	1	0.29430	0.56127	19.63348	1.03536	1	0.67354	0.53757	19.12955	1.02875	1	-0.03468	-0.00872	0.63257	0.00482	1	0.03223	-0.00623	0.63336	0.00467	1	-0.56719	0.62583	0	0
216147	3551.89282	1207392279219	0.13257	0.19096	3551.61353	0.27930	3670	1	0.11153	0.17655	1	0.11701	0.18019	1	0.11427	0.17837	1	0.29410	0.56061	18.83682	1.03053	1	0.67341	0.53776	18.64404	1.02875	1	-0.03468	-0.00872	0.63257	0.00482	1	0.03223	-0.00623	0.63336	0.00467	1	-0.56719	0.62583	0	0
216148	3551.90918	1207392336832	0.13121	0.19088	3551.61353	0.29565	3670	1	0.09834	0.17648	1	0.11507	0.20240	1	0.10670	0.18944	1	0.29417	0.56085	19.14098	1.02583	1	0.67333	0.53756	18.46280	1.02406	1	-0.03468	-0.00872	0.63257	0.00482	1	0.03223	-0.00623	0.63336	0.00467	1	-0.56719	0.62583	0	0
216149	3551.92578	1207392395090	0.12998	0.19080	3551.61353	0.31226	3670	1	0.09827	0.17638	1	0.11504	0.20228	1	0.10665	0.18933	1	0.29400	0.56113	19.44776	1.02596	1	0.67329	0.53771	18.67478	1.02418	1	-0.03570	-0.00902	0.64997	0.00486	1	0.03223	-0.00623	0.63336	0.00454	1	-0.56719	0.62583	0	0
216150	3551.94214	1207392452508	0.12960	0.19019	3551.61353	0.32861	3670	1	0.13363	0.17323	1	0.11051	0.18256	1	0.12207	0.17790	1	0.29431	0.56104	19.53743	1.02609	1	0.67328	0.53791	18.42183	1.02431	1	-0.03570	-0.00902	0.64997	0.00486	1	0.03223	-0.00623	0.63336	0.00454	1	-0.56719	0.62583	0	0
216151	3551.95850	1207392510364	0.12881	0.18993	3551.61353	0.34497	3670	1	0.12805	0.17880	1	0.09608	0.19042	1	0.11206	0.18461	1	0.29427	0.56099	19.52175	1.02621	1	0.67328	0.53791	18.47292	1.02444	1	-0.03570	-0.00902	0.64997	0.00486	1	0.03223	-0.00623	0.63336	0.00454	1	-0.56719	0.62583	0	0
216152	3551.97510	1207392568432	0.12816	0.18988	3551.61353	0.36157	3670	1	0.13025	0.18250	1	0.09750	0.19478	1	0.11387	0.18864	1	0.29427	0.56099	19.52175	1.02152	1	0.67328	0.53791	18.42183	1.01974	1	-0.03474	-0.00876	0.63150	0.00472	1	0.03223	-0.00623	0.63336	0.00446	1	-0.56719	0.62583	0	0
216153	3551.99121	1207392625490	0.12769	0.19009	3551.61353	0.37769	3670	1	0.13104	0.18517	1	0.10304	0.20480	1	0.11704	0.19498	1	0.29426	0.56108	19.61325	1.01682	1	0.67330	0.53793	18.46915	1.01504	1	-0.03474	-0.00876	0.63150	0.00472	1	0.03223	-0.00623	0.63336	0.00446	1	-0.56719	0.62583	0	0
216154	3552.00781	1207392683436	0.12717	0.18879	3551.61353	0.39429	3670	1	0.11320	0.17059	1	0.11604	0.14435	1	0.11462	0.15747	1	0.29359	0.56117	19.77673	1.01682	1	0.67298	0.53729	17.96166	1.01504	1	-0.03474	-0.00876	0.63150	0.00472	1	0.03223	-0.00623	0.63336	0.00446	1	-0.56719	0.62583	0	0
216155	3552.02441	1207392741817	0.12675	0.18773	3551.61353	0.41089	3670	1	0.11523	0.17396	1	0.11724	0.14850	1	0.11624	0.16123	1	0.29337	0.56016	19.35929	1.01260	1	0.67275	0.53670	17.93229	1.01082	1	-0.03325	-0.00814	0.60330	0.00443	1	0.03147	-0.00590	0.62291	0.00423	1	-0.56719	0.62583	0	0
216156	3552.04053	1207392798752	0.12557	0.18138	3551.61353	0.42700	3670	1	0.10999	0.07157	1	0.07962	-0.03860	1	0.09480	0.01649	1	0.29249	0.55607	19.09471	1.00837	1	0.67114	0.53215	18.49632	1.00177	1	-0.03325	-0.00814	0.60330	0.00443	1	0.03147	-0.00590	0.62291	0.00423	1	-0.56719	0.62583	0	0
216157	3552.05737	1207392857758	0.11017	0.15178	3551.61353	0.42700	3670	0	0.11201	0.07628	1	0.07161	-0.04002	1	0.09181	0.01813	1	0.29231	0.55593	18.97977	0.99933	1	0.67115	0.53222	18.54473	0.99272	1	-0.03325	-0.00814	0.60330	0.00443	1	0.03147	-0.00590	0.62291	0.00423	1	-0.56719	0.62583	0	0
216158	3552.07349	1207392914900	0.10279	0.08970	3551.61353	0.42700	3670	0	0.11629	0.08431	1	0.07453	-0.02909	1	0.09541	0.02761	1	0.29232	0.55653	19.09520	0.99028	1	0.67119	0.53218	18.20891	0.98367	1	-0.03274	-0.00797	0.59415	0.00421	1	0.03147	-0.00578	0.62291	0.00418	1	-0.56719	0.62583	0	0
216159	3552.08984	1207392972139	0.10362	0.07270	3551.61353	0.42700	3670	0	0.12309	0.08922	1	0.08745	-0.01178	1	0.10527	0.03872	1	0.29203	0.55615	18.96874	0.98123	1	0.67142	0.53273	18.66904	0.97945	1	-0.03274	-0.00797	0.59415	0.00421	1	0.03147	-0.00578	0.62291	0.00418	1	-0.56719	0.62583	0	0
216160	3552.10645	1207393030846	0.10181	0.04036	3551.61353	0.42700	3670	0	0.11809	0.09993	1	0.09143	0.00958	1	0.10476	0.05475	1	0.29263	0.55557	19.35542	0.97701	1	0.67142	0.53269	18.48067	0.97523	1	-0.03274	-0.00797	0.59415	0.00421	1	0.03147	-0.00578	0.62291	0.00418	1	-0.56719	0.62583	0	0
216161	3552.12280	1207393088021	0.10413	0.04973	3551.61353	0.42700	3670	0	0.12014	0.10368	1	0.09275	0.01453	1	0.10644	0.05911	1	0.29263	0.55557	19.35542	0.97279	1	0.67156	0.53270	18.47406	0.97101	1	-0.03274	-0.00797	0.59415	0.00420	1	0.03188	-0.00592	0.63107	0.00425	1	-0.56719	0.62583	0	0
216162	3552.13940	1207393146503	0.10455	0.05013	3551.61353	0.42700	3670	0	0.13255	0.07684	1	0.07825	0.02498	1	0.10540	0.05091	1	0.29293	0.55634	19.69892	0.96856	1	0.67140	0.53278	18.90236	0.97101	1	-0.03274	-0.00797	0.59415	0.00420	1	0.03188	-0.00592	0.63107	0.00425	1	-0.56719	0.62583	0	0
216163	3552.15576	1207393204050	0.10123	0.05222	3552.10645	0.04932	3671	1	0.10201	0.08656	1	0.08051	0.03044	1	0.09126	0.05850	1	0.29311	0.55648	19.61294	0.96856	1	0.67163	0.53319	18.66612	0.97101	1	-0.03274	-0.00797	0.59415	0.00420	1	0.03188	-0.00592	0.63107	0.00425	1	-0.56719	0.62583	0	0
216164	3552.17212	1207393261438	0.09923	0.05348	3552.10645	0.06567	3671	1	0.10201	0.08656	1	0.08051	0.03044	1	0.09126	0.05850	1	0.29260	0.55680	19.23875	0.96856	1	0.67206	0.53351	18.84913	0.97101	1	-0.03325	-0.00814	0.60330	0.00422	1	0.03203	-0.00598	0.63169	0.00434	1	-0.56719	0.62583	0	0
216165	3552.18848	1207393319608	0.09692	0.05329	3552.10645	0.08203	3671	1	0.10814	0.09459	1	0.06257	0.01019	1	0.08536	0.05239	1	0.29287	0.55678	19.39409	0.96856	1	0.67212	0.53355	18.85743	0.97101	1	-0.03325	-0.00814	0.60330	0.00422	1	0.03203	-0.00598	0.63169	0.00434	1	-0.56719	0.62583	0	0
216166	3552.20508	1207393377632	0.09566	0.05335	3552.10645	0.09863	3671	1	0.11165	0.09721	1	0.06453	0.01021	1	0.08809	0.05371	1	0.29280	0.55769	19.18768	0.96856	1	0.67208	0.53336	18.75477	0.97101	1	-0.03325	-0.00814	0.60330	0.00422	1	0.03203	-0.00598	0.63169	0.00434	1	-0.56719	0.62583	0	0
216167	3552.22144	1207393435108	0.09471	0.05340	3552.10645	0.11499	3671	1	0.11165	0.09721	1	0.06453	0.01021	1	0.08809	0.05371	1	0.29310	0.55766	19.62245	0.96856	1	0.67208	0.53333	18.70175	0.97101	1	-0.03274	-0.00808	0.59415	0.00423	1	0.03147	-0.00590	0.62291	0.00424	1	-0.56719	0.62583	0	0
216168	3552.23779	1207393492568	0.09265	0.05584	3552.10645	0.13135	3671	1	0.09351	0.09688	1	0.05882	0.05394	1	0.07617	0.07541	1	0.29251	0.55784	20.09725	0.96856	1	0.67065	0.53341	19.13751	0.97101	1	-0.03274	-0.00808	0.59415	0.00423	1	0.03147	-0.00590	0.62291	0.00424	1	-0.56719	0.62583	0	0
216169	3552.25415	1207393550672	0.08998	0.05585	3552.10645	0.14771	3671	1	0.10028	0.10486	1	0.03164	0.00688	1	0.06596	0.05587	1	0.29263	0.55777	19.95722	0.96856	1	0.67054	0.53322	19.01119	0.97101	1	-0.03274	-0.00808	0.59415	0.00423	1	0.03147	-0.00590	0.62291	0.00424	1	-0.56719	0.62583	0	0
216170	3552.27075	1207393608554	0.08820	0.05679	3552.10645	0.16431	3671	1	0.10532	0.11375	1	0.03532	0.01877	1	0.07032	0.06626	1	0.29181	0.55744	20.05414	0.95856	1	0.67065	0.53341	19.13751	0.96101	1	-0.03031	-0.00757	0.55294	0.00399	1	0.03147	-0.00590	0.62291	0.00430	1	-0.56719	0.62583	0	0
216171	3552.28711	1207393666577	0.08645	0.06005	3552.10645	0.18066	3671	1	0.10737	0.12000	1	0.02704	0.07182	1	0.06720	0.09591	1	0.29182	0.55799	20.00727	0.94856	1	0.67074	0.53329	19.29751	0.95101	1	-0.03031	-0.00757	0.55294	0.00399	1	0.03147	-0.00590	0.62291	0.00430	1	-0.56719	0.62583	0	0
216172	3552.30371	1207393724463	0.08580	0.06363	3552.10645	0.19727	3671	1	0.11520	0.12082	1	0.04081	0.09238	1	0.07800	0.10660	1	0.29170	0.55766	19.99849	0.93856	1	0.67073	0.53314	19.36712	0.94101	1	-0.03031	-0.00757	0.55294	0.00399	1	0.03147	-0.00590	0.62291	0.00430	1	-0.56719	0.62583	0	0
216173	3552.31982	1207393781621	0.08524	0.06670	3552.10645	0.21338	3671	1	0.11520	0.12082	1	0.04081	0.09238	1	0.07800	0.10660	1	0.29168	0.55757	20.00878	0.93856	1	0.67073	0.53303	19.37357	0.94101	1	-0.03274	-0.00808	0.59415	0.00418	1	0.03147	-0.00590	0.62291	0.00426	1	-0.56719	0.62583	0	0
216174	3552.33643	1207393839488	0.08558	0.07066	3552.10645	0.22998	3671	1	0.10585	0.16876	1	0.07471	0.08328	1	0.09028	0.12602	1	0.29198	0.55746	20.07216	0.93856	1	0.67072	0.53306	19.40983	0.94101	1	-0.03274	-0.00808	0.59415	0.00418	1	0.03147	-0.00590	0.62291	0.00426	1	-0.56719	0.62583	0	0
216175	3552.35278	1207393897650	0.08572	0.07410	3552.10645	0.24634	3671	1	0.10585	0.16876	1	0.06997	0.08271	1	0.08791	0.12573	1	0.29174	0.55744	19.94103	0.93856	1	0.67078	0.53303	19.55040	0.94101	1	-0.03274	-0.00808	0.59415	0.00418	1	0.03147	-0.00590	0.62291	0.00426	1	-0.56719	0.62583	0	0
216176	3552.36938	1207393955452	0.08585	0.07714	3552.10645	0.26294	3671	1	0.10585	0.16876	1	0.06997	0.08271	1	0.08791	0.12573	1	0.29174	0.55744	19.94103	0.93856	1	0.67078	0.53303	19.55040	0.94101	1	-0.03274	-0.00808	0.59415	0.00417	1	0.03147	-0.00590	0.62291	0.00430	1	-0.56719	0.62583	0	0
216177	3552.38550	1207394012690	0.08612	0.07781	3552.10645	0.27905	3671	1	0.10705	0.11819	1	0.07436	0.06013	1	0.09070	0.08916	1	0.29170	0.55782	19.85739	0.93856	1	0.67084	0.53281	19.39240	0.95101	1	-0.03274	-0.00808	0.59415	0.00417	1	0.03147	-0.00590	0.62291	0.00430	1	-0.56719	0.62583	0	0
216178	3552.40210	1207394070911	0.08506	0.07828	3552.10645	0.29565	3671	1	0.10300	0.11206	1	0.02891	0.06142	1	0.06596	0.08674	1	0.29179	0.55817	19.75606	0.94856	1	0.67079	0.53307	19.55707	0.96101	1	-0.03274	-0.00808	0.59415	0.00417	1	0.03147	-0.00590	0.62291	0.00430	1	-0.56719	0.62583	0	0
216179	3552.41846	1207394128587	0.08388	0.07819	3552.10645	0.31201	3671	1	0.09790	0.10306	1	0.02515	0.05000	1	0.06152	0.07653	1	0.29176	0.55783	19.85396	0.95856	1	0.67082	0.53298	19.48734	0.97101	1	-0.03342	-0.00830	0.60643	0.00433	1	0.03147	-0.00590	0.62291	0.00442	1	-0.56719	0.62583	0	0
216180	3552.43506	1207394186869	0.08297	0.07725	3552.10645	0.32861	3671	1	0.08599	0.11195	1	0.04352	0.00486	1	0.06475	0.05841	1	0.29170	0.55740	20.00135	0.96856	1	0.67078	0.53321	19.38650	0.97101	1	-0.03342	-0.00830	0.60643	0.00433	1	0.03147	-0.00590	0.62291	0.00442	1	-0.56719	0.62583	0	0
216181	3552.45142	1207394244146	0.08225	0.07631	3552.10645	0.34497	3671	1	0.08679	0.11303	1	0.04753	0.00028	1	0.06716	0.05665	1	0.29137	0.55711	19.69682	0.96856	1	0.67074	0.53330	19.28700	0.97101	1	-0.03342	-0.00830	0.60643	0.00433	1	0.03147	-0.00590	0.62291	0.00442	1	-0.56719	0.62583	0	0
216182	3552.46777	1207394302203	0.08160	0.07546	3552.10645	0.36133	3671	1	0.08679	0.11303	1	0.04753	0.00028	1	0.06716	0.05665	1	0.29132	0.55717	19.57298	0.96856	1	0.67074	0.53332	18.83455	0.97101	1	-0.03342	-0.00830	0.60643	0.00431	1	0.03147	-0.00590	0.62291	0.00427	1	-0.56719	0.62583	0	0
216183	3552.48438	1207394360010	0.08101	0.07473	3552.10645	0.37793	3671	1	0.08690	0.11503	1	0.04802	0.00117	1	0.06746	0.05810	1	0.29170	0.55737	19.29554	0.96856	1	0.67111	0.53337	19.15890	0.97101	1	-0.03342	-0.00830	0.60643	0.00431	1	0.03147	-0.00590	0.62291	0.00427	1	-0.56719	0.62583	0	0
216184	3552.50073	1207394417522	0.08260	0.07418	3552.10645	0.39429	3671	1	0.15041	0.07311	1	0.09143	0.04898	1	0.12092	0.06104	1	0.29525	0.55575	20.08594	0.96856	1	0.67481	0.53297	19.67840	0.97101	1	-0.03342	-0.00830	0.60643	0.00431	1	0.03147	-0.00590	0.62291	0.00427	1	-0.56719	0.62583	0	0
216185	3552.51709	1207394475593	0.08399	0.07341	3552.10645	0.41064	3671	1	0.14848	0.06919	1	0.08862	0.03885	1	0.11855	0.05402	1	0.29670	0.55633	20.08144	0.97279	1	0.67618	0.53317	19.27506	0.97993	1	-0.03351	-0.00831	0.62837	0.00460	1	0.03427	-0.00610	0.65064	0.00461	1	-0.56719	0.62583	0	0
216186	3552.53369	1207394533458	0.09323	0.07362	3552.10645	0.42725	3671	1	0.30620	0.06370	1	0.36110	0.09478	1	0.33365	0.07924	1	0.30444	0.55407	19.55549	0.98171	1	0.68447	0.53285	19.22423	0.98885	1	-0.03351	-0.00831	0.62837	0.00460	1	0.03427	-0.00610	0.65064	0.00461	1	-0.56719	0.62583	0	0
216187	3552.55005	1207394590950	0.10168	0.07344	3552.10645	0.44360	3671	1	0.30135	0.06366	1	0.35804	0.07322	1	0.32969	0.06844	1	0.30427	0.55408	19.07409	0.99063	1	0.68436	0.53243	18.80703	0.99777	1	-0.03351	-0.00831	0.62837	0.00460	1	0.03427	-0.00610	0.65064	0.00461	1	-0.56719	0.62583	0	0
216188	3552.56641	1207394648634	0.14287	0.06664	3552.10645	0.44360	3671	0	0.29670	0.05050	1	0.35705	0.05891	1	0.32687	0.05471	1	0.30456	0.55420	19.33441	1.00437	1	0.68442	0.53271	19.43342	1.01152	1	-0.03480	-0.00861	0.65601	0.00478	1	0.03460	-0.00620	0.65459	0.00483	1	-0.56719	0.62583	0	0
216189	3552.58276	1207394706188	0.24009	0.04635	3552.10645	0.44360	3671	0	0.32569	0.02120	1	0.34892	0.03090	1	0.33730	0.02605	1	0.30455	0.55412	19.27429	1.01812	1	0.68448	0.53242	18.96959	1.02526	1	-0.03480	-0.00861	0.65601	0.00478	1	0.03460	-0.00620	0.65459	0.00483	1	-0.56719	0.62583	0	0
216190	3552.59912	1207394764158	0.27064	0.03277	3552.10645	0.44360	3671	0	0.31616	-0.00289	1	0.34731	0.01415	1	0.33174	0.00563	1	0.30449	0.55377	19.51399	1.03187	1	0.68455	0.53248	18.92415	1.03901	1	-0.03480	-0.00861	0.65601	0.00478	1	0.03460	-0.00620	0.65459	0.00483	1	-0.56719	0.62583	0	0
216191	3552.61572	1207394822643	0.33271	0.00777	3552.10645	0.44360	3671	0	0.31195	-0.01636	1	0.34625	-0.00041	1	0.32910	-0.00838	1	0.30444	0.55363	19.46230	1.04561	1	0.68455	0.53248	18.92415	1.05275	1	-0.03480	-0.00861	0.65601	0.00501	1	0.03458	-0.00613	0.65414	0.00489	1	-0.56719	0.62583	0	0
216192	3552.63208	1207394879533	0.33572	-0.00868	3552.10645	0.44360	3671	0	0.33493	-0.03439	1	0.34253	-0.01586	1	0.33873	-0.02512	1	0.30410	0.55370	19.15715	1.05936	1	0.68423	0.53252	18.61794	1.06228	1	-0.03480	-0.00861	0.65601	0.00501	1	0.03458	-0.00613	0.65414	0.00489	1	-0.56719	0.62583	0	0
216193	3552.64868	1207394937911	0.33308	-0.01370	3552.10645	0.44360	3671	0	0.32085	-0.03351	1	0.33472	-0.01394	1	0.32778	-0.02373	1	0.30405	0.55387	18.91234	1.06418	1	0.68418	0.53262	18.50996	1.06710	1	-0.03480	-0.00861	0.65601	0.00501	1	0.03458	-0.00613	0.65414	0.00489	1	-0.56719	0.62583	0	0
216194	3552.66479	1207394995321	0.33200	-0.01451	3552.61572	0.04907	3672	1	0.32208	-0.02938	1	0.33548	-0.00449	1	0.32878	-0.01694	1	0.30404	0.55402	18.78000	1.05996	1	0.68385	0.53237	18.87934	1.05818	1	-0.03254	-0.00802	0.61124	0.00456	1	0.03275	-0.00588	0.62067	0.00465	1	-0.56719	0.62583	0	0
216195	3552.68140	1207395053200	0.34071	-0.01942	3552.61572	0.06567	3672	1	0.37645	-0.01945	1	0.37466	-0.05871	1	0.37556	-0.03908	1	0.30476	0.55388	19.50743	1.05104	1	0.68458	0.53261	19.55158	1.04444	1	-0.03254	-0.00802	0.61124	0.00456	1	0.03275	-0.00588	0.62067	0.00465	1	-0.56719	0.62583	0	0
216196	3552.69775	1207395111159	0.35738	-0.02134	3552.61572	0.08203	3672	1	0.42920	-0.01657	1	0.45221	-0.04528	1	0.44070	-0.03092	1	0.30788	0.55409	19.05984	1.03729	1	0.68779	0.53248	19.19249	1.03069	1	-0.03254	-0.00802	0.61124	0.00456	1	0.03275	-0.00588	0.62067	0.00465	1	-0.56719	0.62583	0	0
216197	3552.71436	1207395168978	0.36944	-0.02163	3552.61572	0.09863	3672	1	0.43140	-0.00685	1	0.45215	-0.03992	1	0.44177	-0.02338	1	0.30836	0.55384	19.18050	1.02777	1	0.68806	0.53250	19.25247	1.02586	1	-0.03290	-0.00821	0.62566	0.00463	1	0.03487	-0.00612	0.65263	0.00483	1	-0.56719	0.62583	0	0
216198	3552.73071	1207395227040	0.37771	-0.01842	3552.61572	0.11499	3672	1	0.42346	0.02091	1	0.44774	-0.01274	1	0.43560	0.00408	1	0.30839	0.55407	19.23763	1.02294	1	0.68793	0.53281	19.03409	1.02104	1	-0.03290	-0.00821	0.62566	0.00463	1	0.03487	-0.00612	0.65263	0.00483	1	-0.56719	0.62583	0	STEP 4: 1493324705846
216199	3552.74707	1207395284545	0.38399	-0.01466	3552.61572	0.13135	3672	1	0.42308	0.03279	1	0.44552	-0.00198	1	0.43430	0.01540	1	0.30839	0.55418	19.24284	1.01812	1	0.68793	0.53281	19.03409	1.01621	1	-0.03290	-0.00821	0.62566	0.00463	1	0.03487	-0.00612	0.65263	0.00483	1	-0.56719	0.62583	0	0
216200	3552.76343	1207395341508	0.38903	-0.01195	3552.61572	0.14771	3672	1	0.42308	0.03279	1	0.44555	-0.00786	1	0.43431	0.01246	1	0.30838	0.55410	19.23553	1.01812	1	0.68794	0.53258	19.10974	1.02164	1	-0.03402	-0.00854	0.64589	0.00474	1	0.03571	-0.00634	0.66952	0.00490	1	-0.56719	0.62583	0	0
216201	3552.78003	1207395400052	0.39307	-0.00890	3552.61572	0.16431	3672	1	0.42487	0.04611	1	0.44208	-0.00309	1	0.43347	0.02151	1	0.30837	0.55431	19.39302	1.02354	1	0.68794	0.53258	19.10974	1.03610	1	-0.03402	-0.00854	0.64589	0.00474	1	0.03571	-0.00634	0.66952	0.00490	1	-0.56719	0.62583	0	0
216202	3552.79639	1207395457868	0.39554	-0.00803	3552.61572	0.18066	3672	1	0.40234	0.02192	1	0.44303	-0.01872	1	0.42269	0.00160	1	0.30832	0.55406	19.25636	1.04271	1	0.68807	0.53269	19.01848	1.05527	1	-0.03402	-0.00854	0.64589	0.00474	1	0.03571	-0.00634	0.66952	0.00490	1	-0.56719	0.62583	0	0
216203	3552.81299	1207395515836	0.39744	-0.00879	3552.61572	0.19727	3672	1	0.39759	0.00328	1	0.44311	-0.03905	1	0.42035	-0.01789	1	0.30832	0.55406	19.25636	1.06187	1	0.68807	0.53269	19.01848	1.07444	1	-0.03402	-0.00866	0.64589	0.00495	1	0.03571	-0.00634	0.66952	0.00513	1	-0.56719	0.62583	0	0
216204	3552.82910	1207395573288	0.40015	-0.00950	3552.61572	0.21338	3672	1	0.41126	-0.00980	1	0.45931	-0.02761	1	0.43528	-0.01871	1	0.30834	0.55429	19.41040	1.08104	1	0.68811	0.53277	18.93837	1.08938	1	-0.03402	-0.00866	0.64589	0.00495	1	0.03571	-0.00634	0.66952	0.00513	1	-0.56719	0.62583	0	0
216205	3552.84570	1207395631622	0.40229	-0.01085	3552.61572	0.22998	3672	1	0.40560	-0.01937	1	0.45912	-0.04025	1	0.43236	-0.02981	1	0.30837	0.55431	19.39302	1.09129	1	0.68811	0.53277	18.93837	1.09963	1	-0.03402	-0.00866	0.64589	0.00495	1	0.03571	-0.00634	0.66952	0.00513	1	-0.56719	0.62583	0	0
216206	3552.86206	1207395688776	0.40410	-0.01268	3552.61572	0.24634	3672	1	0.40322	-0.02926	1	0.45929	-0.05086	1	0.43126	-0.04006	1	0.30834	0.55429	19.41040	1.10154	1	0.68814	0.53280	18.89335	1.10988	1	-0.03402	-0.00866	0.64589	0.00518	1	0.03571	-0.00634	0.66952	0.00526	1	-0.56719	0.62583	0	0
216207	3552.87842	1207395746519	0.43320	-0.01335	3552.61572	0.24634	3672	0	0.41074	-0.03991	1	0.46184	-0.06912	1	0.43629	-0.05452	1	0.30864	0.55431	19.17623	1.11178	1	0.68824	0.53299	18.77304	1.11530	1	-0.03402	-0.00866	0.64589	0.00518	1	0.03571	-0.00634	0.66952	0.00526	1	-0.56719	0.62583	0	0
216208	3552.89478	1207395804288	0.44754	-0.04097	3552.61572	0.24634	3672	0	0.45998	-0.11811	1	0.46380	-0.01908	1	0.46189	-0.06859	1	0.30965	0.55460	18.69946	1.11178	1	0.68905	0.53343	18.86642	1.11530	1	-0.03402	-0.00866	0.64589	0.00518	1	0.03571	-0.00634	0.66952	0.00526	1	-0.56719	0.62583	0	0
216209	3552.91138	1207395862433	0.45229	-0.04849	3552.61572	0.24634	3672	0	0.45998	-0.11811	1	0.46360	-0.00895	1	0.46179	-0.06353	1	0.30997	0.55511	18.53122	1.11178	1	0.68917	0.53394	18.55089	1.10518	1	-0.03396	-0.00877	0.64934	0.00502	1	0.03314	-0.00598	0.61934	0.00476	1	-0.56719	0.62583	0	0
216210	3552.92773	1207395920181	0.45100	-0.04724	3552.87842	0.04932	3673	1	0.46039	-0.09387	1	0.43390	0.00687	1	0.44714	-0.04350	1	0.30981	0.55527	18.78865	1.10166	1	0.68910	0.53414	18.65182	1.09506	1	-0.03396	-0.00877	0.64934	0.00502	1	0.03314	-0.00598	0.61934	0.00476	1	-0.56719	0.62583	0	0
216211	3552.94409	1207395977673	0.45213	-0.04721	3552.87842	0.06567	3673	1	0.47324	-0.10706	1	0.44001	0.01295	1	0.45662	-0.04705	1	0.31002	0.55516	18.50998	1.09154	1	0.68916	0.53397	18.77448	1.08494	1	-0.03396	-0.00877	0.64934	0.00502	1	0.03314	-0.00598	0.61934	0.00476	1	-0.56719	0.62583	0	0
216212	3552.96069	1207396035494	0.45303	-0.04544	3552.87842	0.08228	3673	1	0.47511	-0.09633	1	0.44000	0.02310	1	0.45756	-0.03662	1	0.30994	0.55520	18.55664	1.08142	1	0.68934	0.53362	18.23209	1.07482	1	-0.03396	-0.00871	0.64934	0.00489	1	0.03314	-0.00586	0.61934	0.00455	1	-0.56719	0.62583	0	0
216213	3552.97705	1207396093279	0.45777	-0.03796	3552.87842	0.09863	3673	1	0.49841	-0.03987	1	0.47398	0.05377	1	0.48620	0.00695	1	0.31116	0.55513	18.55971	1.07130	1	0.69114	0.53407	18.77996	1.06470	1	-0.03396	-0.00871	0.64934	0.00489	1	0.03314	-0.00586	0.61934	0.00455	1	-0.56719	0.62583	0	0
216214	3552.99341	1207396150877	0.48087	-0.03923	3552.87842	0.11499	3673	1	0.63905	-0.06551	1	0.64603	-0.03075	1	0.64254	-0.04813	1	0.31707	0.55499	18.16483	1.06118	1	0.69688	0.53512	18.72236	1.05458	1	-0.03396	-0.00871	0.64934	0.00489	1	0.03314	-0.00586	0.61934	0.00455	1	-0.56719	0.62583	0	0
216215	3553.01001	1207396209002	0.49880	-0.03871	3552.87842	0.13159	3673	1	0.64032	-0.04908	1	0.64428	-0.02007	1	0.64230	-0.03458	1	0.31737	0.55485	18.44269	1.04624	1	0.69733	0.53481	18.72158	1.04433	1	-0.03188	-0.00852	0.63107	0.00457	1	0.03593	-0.00633	0.64968	0.00476	1	-0.56719	0.62583	0	0
216216	3553.02637	1207396266815	0.51327	-0.03028	3552.87842	0.14795	3673	1	0.64271	0.00690	1	0.64427	0.08440	1	0.64349	0.04565	1	0.31924	0.55588	19.05179	1.03599	1	0.69876	0.53611	18.69855	1.03409	1	-0.03188	-0.00852	0.63107	0.00457	1	0.03593	-0.00633	0.64968	0.00476	1	-0.56719	0.62583	0	0
216217	3553.04272	1207396324301	0.52465	-0.02302	3552.87842	0.16431	3673	1	0.65647	0.01305	1	0.62030	0.08610	1	0.63839	0.04957	1	0.31962	0.55586	18.87906	1.03586	1	0.69905	0.53650	18.63352	1.03396	1	-0.03188	-0.00852	0.63107	0.00457	1	0.03593	-0.00633	0.64968	0.00476	1	-0.56719	0.62583	0	0
216218	3553.05933	1207396382519	0.53411	-0.01717	3552.87842	0.18091	3673	1	0.65612	0.00810	1	0.62030	0.08610	1	0.63821	0.04710	1	0.31962	0.55586	18.87906	1.04056	1	0.69897	0.53650	18.67223	1.03396	1	-0.03271	-0.00876	0.64878	0.00478	1	0.03480	-0.00618	0.62824	0.00455	1	-0.56719	0.62583	0	0
216219	3553.07568	1207396440137	0.54216	-0.00946	3552.87842	0.19727	3673	1	0.63673	0.03742	1	0.64074	0.12877	1	0.63873	0.08310	1	0.31994	0.55635	19.00258	1.04056	1	0.69924	0.53681	18.41633	1.03396	1	-0.03271	-0.00876	0.64878	0.00478	1	0.03480	-0.00618	0.62824	0.00455	1	-0.56719	0.62583	0	0
216220	3553.09204	1207396498001	0.55050	-0.00268	3552.87842	0.21362	3673	1	0.65622	0.06363	1	0.66173	0.10723	1	0.65897	0.08543	1	0.32115	0.55674	18.86142	1.04056	1	0.70109	0.53751	18.54059	1.03396	1	-0.03271	-0.00876	0.64878	0.00478	1	0.03480	-0.00618	0.62824	0.00455	1	-0.56719	0.62583	0	0
216221	3553.10840	1207396555847	0.58407	0.01650	3552.87842	0.21362	3673	0	0.65658	0.06846	1	0.66081	0.11172	1	0.65869	0.09009	1	0.32186	0.55713	18.73215	1.03574	1	0.70137	0.53751	18.34984	1.02913	1	-0.03094	-0.00854	0.62409	0.00454	1	0.03528	-0.00634	0.62628	0.00444	1	-0.56719	0.62583	0	0
216222	3553.12500	1207396613715	0.67874	0.07804	3552.87842	0.21362	3673	0	0.75562	0.11365	1	0.79118	0.16552	1	0.77340	0.13959	1	0.32529	0.55759	18.42392	1.03091	1	0.70478	0.53953	19.10666	1.02913	1	-0.03094	-0.00854	0.62409	0.00454	1	0.03528	-0.00634	0.62628	0.00444	1	-0.56719	0.62583	0	0
216223	3553.14136	1207396671460	0.71249	0.09752	3552.87842	0.21362	3673	0	0.76682	0.10765	1	0.79319	0.16527	1	0.78000	0.13646	1	0.32537	0.55762	18.39036	1.02621	1	0.70479	0.53959	19.16021	1.02444	1	-0.03094	-0.00854	0.62409	0.00454	1	0.03528	-0.00634	0.62628	0.00444	1	-0.56719	0.62583	0	0
216224	3553.15796	1207396729478	0.77781	0.13746	3552.87842	0.21362	3673	0	0.76682	0.10753	1	0.79323	0.16516	1	0.78002	0.13635	1	0.32550	0.55775	18.03684	1.02634	1	0.70494	0.53942	19.10694	1.02456	1	-0.03225	-0.00892	0.65160	0.00452	1	0.03528	-0.00634	0.62628	0.00460	1	-0.56719	0.62583	0	0
216225	3553.17432	1207396787359	0.77131	0.13814	3552.87842	0.21362	3673	0	0.76901	0.10791	1	0.76059	0.16974	1	0.76480	0.13882	1	0.32545	0.55784	18.02267	1.02647	1	0.70521	0.53946	19.04899	1.01986	1	-0.03225	-0.00892	0.65160	0.00452	1	0.03528	-0.00634	0.62628	0.00460	1	-0.56719	0.62583	0	0
216226	3553.19067	1207396845048	0.77079	0.13760	3552.87842	0.21362	3673	0	0.77684	0.09342	1	0.76268	0.17958	1	0.76976	0.13650	1	0.32541	0.55778	17.97441	1.02647	1	0.70527	0.53939	18.88609	1.01986	1	-0.03225	-0.00892	0.65160	0.00452	1	0.03528	-0.00634	0.62628	0.00460	1	-0.56719	0.62583	0	0
216227	3553.20703	1207396902554	0.77052	0.13795	3553.15796	0.04907	3674	1	0.77678	0.09831	1	0.76264	0.17969	1	0.76971	0.13900	1	0.32541	0.55778	17.97441	1.02164	1	0.70527	0.53939	18.88609	1.01974	1	-0.03091	-0.00851	0.62586	0.00431	1	0.03656	-0.00656	0.64804	0.00468	1	-0.56719	0.62583	0	0
216228	3553.22339	1207396960381	0.76607	0.13944	3553.15796	0.06543	3674	1	0.75021	0.15700	1	0.74630	0.13381	1	0.74826	0.14540	1	0.32554	0.55774	18.05878	1.02152	1	0.70548	0.53910	18.90572	1.02444	1	-0.03091	-0.00851	0.62586	0.00431	1	0.03656	-0.00656	0.64804	0.00468	1	-0.56719	0.62583	0	0
216229	3553.23999	1207397018140	0.76349	0.13995	3553.15796	0.08203	3674	1	0.75116	0.13679	1	0.75002	0.14816	1	0.75059	0.14248	1	0.32581	0.55718	18.38732	1.02621	1	0.70564	0.53939	18.58771	1.02913	1	-0.03091	-0.00851	0.62586	0.00431	1	0.03656	-0.00656	0.64804	0.00468	1	-0.56719	0.62583	0	0
216230	3553.25757	1207397079897	0.76164	0.13998	3553.15796	0.09961	3674	1	0.75113	0.13226	1	0.75002	0.14816	1	0.75057	0.14021	1	0.32579	0.55715	18.41477	1.03091	1	0.70558	0.53925	18.62613	1.02913	1	-0.03091	-0.00851	0.62586	0.00446	1	0.03572	-0.00640	0.63207	0.00454	1	-0.56719	0.62583	0	0
216231	3553.27271	1207397133633	0.76049	0.14161	3553.15796	0.11475	3674	1	0.75369	0.14650	1	0.75120	0.15950	1	0.75244	0.15300	1	0.32585	0.55749	18.15168	1.03091	1	0.70545	0.53920	18.85393	1.02431	1	-0.03091	-0.00851	0.62586	0.00446	1	0.03572	-0.00640	0.63207	0.00454	1	-0.56719	0.62583	0	0
216232	3553.28931	1207397191758	0.76046	0.14372	3553.15796	0.13135	3674	1	0.75178	0.16402	1	0.76857	0.15720	1	0.76017	0.16061	1	0.32573	0.55753	18.21740	1.02609	1	0.70590	0.53914	18.91745	1.01948	1	-0.03091	-0.00851	0.62586	0.00446	1	0.03572	-0.00640	0.63207	0.00454	1	-0.56719	0.62583	0	0
216233	3553.30566	1207397249466	0.76036	0.14585	3553.15796	0.14771	3674	1	0.75180	0.16855	1	0.76719	0.16145	1	0.75949	0.16500	1	0.32573	0.55753	18.21740	1.02126	1	0.70581	0.53910	18.98480	1.01466	1	-0.03091	-0.00851	0.62586	0.00437	1	0.03572	-0.00640	0.63207	0.00457	1	-0.56719	0.62583	0	0
216234	3553.32202	1207397307000	0.76040	0.14758	3553.15796	0.16406	3674	1	0.75581	0.16546	1	0.76577	0.16426	1	0.76079	0.16486	1	0.32580	0.55770	18.22566	1.01644	1	0.70568	0.53888	18.73596	1.01466	1	-0.03091	-0.00851	0.62586	0.00437	1	0.03572	-0.00640	0.63207	0.00457	1	-0.56719	0.62583	0	0
216235	3553.33838	1207397364518	0.76021	0.14614	3553.15796	0.18042	3674	1	0.74883	0.10566	1	0.76750	0.15487	1	0.75817	0.13026	1	0.32595	0.55775	17.93475	1.01174	1	0.70556	0.53899	18.64916	1.00996	1	-0.03091	-0.00851	0.62586	0.00437	1	0.03572	-0.00640	0.63207	0.00457	1	-0.56719	0.62583	0	0
216236	3553.35498	1207397422996	0.76001	0.14526	3553.15796	0.19702	3674	1	0.74887	0.11041	1	0.76614	0.15906	1	0.75751	0.13473	1	0.32597	0.55788	17.88159	1.00704	1	0.70565	0.53923	18.61375	1.00526	1	-0.03091	-0.00845	0.62586	0.00423	1	0.03572	-0.00640	0.63207	0.00444	1	-0.56719	0.62583	0	0
216237	3553.37134	1207397480823	0.76033	0.14632	3553.15796	0.21338	3674	1	0.76338	0.16642	1	0.76567	0.15381	1	0.76452	0.16012	1	0.32612	0.55788	17.97676	1.00234	1	0.70582	0.53911	18.43628	1.00056	1	-0.03091	-0.00845	0.62586	0.00423	1	0.03572	-0.00640	0.63207	0.00444	1	-0.56719	0.62583	0	0
216238	3553.38770	1207397538191	0.76113	0.14658	3553.15796	0.22974	3674	1	0.77025	0.14157	1	0.77455	0.15875	1	0.77240	0.15016	1	0.32618	0.55783	17.80033	1.00234	1	0.70585	0.53908	18.48318	1.00056	1	-0.03091	-0.00845	0.62586	0.00423	1	0.03572	-0.00640	0.63207	0.00444	1	-0.56719	0.62583	0	0
216239	3553.40430	1207397596743	0.76188	0.14652	3553.15796	0.24634	3674	1	0.77029	0.13680	1	0.77598	0.15443	1	0.77314	0.14562	1	0.32605	0.55773	17.85639	1.00717	1	0.70591	0.53888	18.37677	1.00539	1	-0.03219	-0.00882	0.65297	0.00440	1	0.03546	-0.00633	0.62539	0.00433	1	-0.56719	0.62583	0	0
216240	3553.42065	1207397653655	0.76286	0.14561	3553.15796	0.26270	3674	1	0.77181	0.12189	1	0.78512	0.14025	1	0.77846	0.13107	1	0.32626	0.55783	17.51213	1.01199	1	0.70629	0.53927	17.94055	1.01021	1	-0.03219	-0.00882	0.65297	0.00440	1	0.03546	-0.00633	0.62539	0.00433	1	-0.56719	0.62583	0	0
216241	3553.43701	1207397711367	0.76275	0.14452	3553.15796	0.27905	3674	1	0.74636	0.11534	1	0.77556	0.13664	1	0.76096	0.12599	1	0.32652	0.55789	17.53372	1.01682	1	0.70658	0.53931	18.45347	1.01504	1	-0.03219	-0.00882	0.65297	0.00440	1	0.03546	-0.00633	0.62539	0.00433	1	-0.56719	0.62583	0	0
216242	3553.45337	1207397769281	0.76266	0.14364	3553.15796	0.29541	3674	1	0.74640	0.11954	1	0.77570	0.13621	1	0.76105	0.12788	1	0.32677	0.55727	17.26735	1.01259	1	0.70666	0.53928	18.25138	1.01552	1	-0.02995	-0.00823	0.60978	0.00400	1	0.03697	-0.00659	0.65100	0.00452	1	-0.56719	0.62583	0	0
216243	3553.47021	1207397827893	0.76435	0.14335	3553.15796	0.31226	3674	1	0.78623	0.11193	1	0.80676	0.16374	1	0.79650	0.13784	1	0.32770	0.55786	17.13039	1.01307	1	0.70770	0.54002	18.65985	1.01599	1	-0.02995	-0.00823	0.60978	0.00400	1	0.03697	-0.00659	0.65100	0.00452	1	-0.56719	0.62583	0	0
216244	3553.48633	1207397885145	0.76886	0.14687	3553.15796	0.32837	3674	1	0.86016	0.22275	1	0.85795	0.21166	1	0.85905	0.21720	1	0.33172	0.56059	17.71058	1.01355	1	0.71125	0.54288	18.68015	1.01647	1	-0.02995	-0.00823	0.60978	0.00400	1	0.03697	-0.00659	0.65100	0.00452	1	-0.56719	0.62583	0	0
216245	3553.50269	1207397942806	0.77301	0.14988	3553.15796	0.34473	3674	1	0.86054	0.21846	1	0.85968	0.20780	1	0.86011	0.21313	1	0.33219	0.56060	17.58817	1.01825	1	0.71069	0.54265	18.18579	1.02117	1	-0.03007	-0.00871	0.62787	0.00422	1	0.03791	-0.00696	0.65668	0.00457	1	-0.56719	0.62583	0	0
216246	3553.51929	1207398001132	0.77882	0.15522	3553.15796	0.36133	3674	1	0.89976	0.25216	1	0.91340	0.29332	1	0.90658	0.27274	1	0.33293	0.56193	16.93786	1.02294	1	0.71224	0.54455	17.80028	1.02104	1	-0.03007	-0.00871	0.62787	0.00422	1	0.03791	-0.00696	0.65668	0.00457	1	-0.56719	0.62583	0	0
216247	3553.53564	1207398058305	0.80839	0.17486	3553.15796	0.36133	3674	0	0.89803	0.27334	1	0.92288	0.29031	1	0.91046	0.28182	1	0.33296	0.56190	16.66957	1.02282	1	0.71179	0.54470	17.82064	1.02091	1	-0.03007	-0.00871	0.62787	0.00422	1	0.03791	-0.00696	0.65668	0.00457	1	-0.56719	0.62583	0	0
216248	3553.55200	1207398116163	0.85891	0.22926	3553.15796	0.36133	3674	0	0.89802	0.27345	1	0.92082	0.29387	1	0.90942	0.28366	1	0.33298	0.56210	17.04241	1.02269	1	0.71191	0.54443	17.45675	1.01609	1	-0.03124	-0.00911	0.65229	0.00426	1	0.03791	-0.00696	0.65668	0.00437	1	-0.56719	0.62583	0	0
216249	3553.56860	1207398174113	0.87274	0.24289	3553.15796	0.36133	3674	0	0.87199	0.26891	1	0.92882	0.27141	1	0.90041	0.27016	1	0.33298	0.56190	16.63918	1.01786	1	0.71225	0.54440	17.32974	1.02031	1	-0.03124	-0.00911	0.65229	0.00426	1	0.03791	-0.00696	0.65668	0.00437	1	-0.56719	0.62583	0	0
216250	3553.58496	1207398231656	0.90404	0.29772	3553.15796	0.36133	3674	0	0.90841	0.35888	1	0.89619	0.31981	1	0.90230	0.33934	1	0.33423	0.56395	17.20875	1.01739	1	0.71341	0.54610	17.73833	1.01983	1	-0.03124	-0.00911	0.65229	0.00426	1	0.03791	-0.00696	0.65668	0.00437	1	-0.56719	0.62583	0	0
216251	3553.60132	1207398289723	0.90359	0.31787	3553.15796	0.36133	3674	0	0.90835	0.35925	1	0.89791	0.31679	1	0.90313	0.33802	1	0.33403	0.56469	16.51577	1.01691	1	0.71332	0.54729	17.46945	1.02406	1	-0.02803	-0.00885	0.59001	0.00372	1	0.17679	-0.03626	3.11888	0.00437	0	-0.56719	0.62583	0	0
216252	3553.61792	1207398347696	0.90766	0.44439	3553.15796	0.36133	3674	0	0.93294	0.72246	1	0.89868	0.67242	1	0.91581	0.69744	1	0.33530	0.57849	15.48282	1.02113	1	0.71225	0.56045	17.34072	1.02406	1	-0.02803	-0.00885	0.59001	0.00372	1	0.17679	-0.03626	3.11888	0.00437	0	-0.56719	0.62583	0	0
216253	3553.63428	1207398405436	0.91172	0.58972	3553.15796	0.36133	3674	0	0.92944	0.75687	1	0.90302	0.71051	1	0.91623	0.73369	1	0.33528	0.57988	15.37410	1.02113	1	0.71230	0.56223	17.20000	1.02406	1	-0.02803	-0.00885	0.59001	0.00372	1	0.17679	-0.03626	3.11888	0.00437	0	-0.56719	0.62583	0	0
216254	3553.65088	1207398463532	0.91398	0.66171	3553.15796	0.36133	3674	0	0.92944	0.75687	1	0.90302	0.71051	1	0.91623	0.73369	1	0.33482	0.58077	16.38719	1.02113	1	0.71239	0.56253	17.19862	1.02406	1	-0.02803	-0.00929	0.59001	0.00370	1	0.03734	-0.00800	0.64683	0.00427	1	-0.56719	0.62583	0	0
216255	3553.66724	1207398521142	0.91287	0.68363	3553.15796	0.36133	3674	0	0.91561	0.75977	1	0.90571	0.69520	1	0.91066	0.72749	1	0.33480	0.58079	16.07818	1.02113	1	0.71288	0.56265	16.86032	1.02406	1	-0.02803	-0.00929	0.59001	0.00370	1	0.03734	-0.00800	0.64683	0.00427	1	-0.56719	0.62583	0	0
216256	3553.68359	1207398579028	0.91741	0.73500	3553.15796	0.36133	3674	0	0.92790	0.75798	1	0.92277	0.72963	1	0.92533	0.74381	1	0.33482	0.58077	16.38719	1.02583	1	0.71309	0.56255	17.32686	1.02875	1	-0.02803	-0.00929	0.59001	0.00370	1	0.03734	-0.00800	0.64683	0.00427	1	-0.56719	0.62583	0	0
216257	3553.70020	1207398636884	0.92230	0.73813	3553.15796	0.36133	3674	0	0.92943	0.75450	1	0.92493	0.72802	1	0.92718	0.74126	1	0.33490	0.58062	16.63579	1.03536	1	0.71312	0.56255	17.24204	1.03358	1	-0.03063	-0.01017	0.64590	0.00417	1	0.03592	-0.00772	0.61923	0.00414	1	-0.56719	0.62583	0	0
216258	3553.71655	1207398694430	0.91601	0.73628	3553.15796	0.36133	3674	0	0.91166	0.73821	1	0.89520	0.72694	1	0.90343	0.73257	1	0.33491	0.58060	16.57734	1.04018	1	0.71345	0.56285	17.21016	1.03840	1	-0.03063	-0.01017	0.64590	0.00417	1	0.03592	-0.00772	0.61923	0.00414	1	-0.56719	0.62583	0	0
216259	3553.73291	1207398752465	0.90918	0.72935	3553.68359	0.04932	3675	1	0.88780	0.74467	1	0.88960	0.67248	1	0.88870	0.70858	1	0.33507	0.58054	16.57723	1.04031	1	0.71355	0.56275	17.45127	1.03853	1	-0.03063	-0.01017	0.64590	0.00417	1	0.03592	-0.00772	0.61923	0.00414	1	-0.56719	0.62583	0	0
216260	3553.74927	1207398810163	0.90528	0.72501	3553.68359	0.06567	3675	1	0.88782	0.74463	1	0.89158	0.67063	1	0.88970	0.70763	1	0.33510	0.58061	16.59715	1.04044	1	0.71356	0.56270	17.38373	1.04336	1	-0.03063	-0.01017	0.64590	0.00418	1	0.03592	-0.00772	0.61923	0.00421	1	-0.56719	0.62583	0	STEP 5: 1493324706861
216261	3553.76587	1207398867967	0.90105	0.72124	3553.68359	0.08228	3675	1	0.89553	0.73600	1	0.86418	0.66880	1	0.87985	0.70240	1	0.33506	0.58062	16.57388	1.04526	1	0.71356	0.56270	17.38373	1.04818	1	-0.03063	-0.01017	0.64590	0.00418	1	0.03592	-0.00772	0.61923	0.00421	1	-0.56719	0.62583	0	0
216262	3553.78223	1207398925563	0.90067	0.71744	3553.68359	0.09863	3675	1	0.88793	0.74343	1	0.90891	0.64590	1	0.89842	0.69466	1	0.33493	0.58062	16.48789	1.05009	1	0.71355	0.56275	17.45127	1.05301	1	-0.03063	-0.01017	0.64590	0.00418	1	0.03592	-0.00772	0.61923	0.00421	1	-0.56719	0.62583	0	0
216263	3553.79858	1207398983155	0.90027	0.71471	3553.68359	0.11499	3675	1	0.88793	0.74343	1	0.90693	0.64778	1	0.89743	0.69561	1	0.33494	0.58063	16.46334	1.05009	1	0.71355	0.56275	17.45127	1.04831	1	-0.02803	-0.00929	0.59001	0.00383	1	0.03592	-0.00772	0.61923	0.00425	1	-0.56719	0.62583	0	0
216264	3553.81470	1207399040246	0.90083	0.71524	3553.68359	0.13110	3675	1	0.92161	0.72925	1	0.88914	0.70974	1	0.90537	0.71950	1	0.33489	0.58025	16.37101	1.04539	1	0.71356	0.56264	17.46839	1.03879	1	-0.02803	-0.00929	0.59001	0.00383	1	0.03592	-0.00772	0.61923	0.00425	1	-0.56719	0.62583	0	0
216265	3553.83130	1207399098450	0.90316	0.71774	3553.68359	0.14771	3675	1	0.93793	0.77321	1	0.91031	0.70728	1	0.92412	0.74024	1	0.33484	0.58039	16.27403	1.04056	1	0.71357	0.56255	17.50081	1.03396	1	-0.02803	-0.00929	0.59001	0.00383	1	0.03592	-0.00772	0.61923	0.00425	1	-0.56719	0.62583	0	0
216266	3553.84766	1207399156206	0.90494	0.71994	3553.68359	0.16406	3675	1	0.93711	0.77487	1	0.90822	0.70898	1	0.92267	0.74193	1	0.33475	0.58040	16.48442	1.03574	1	0.71357	0.56255	17.50081	1.02913	1	-0.02803	-0.00929	0.59001	0.00378	1	0.03592	-0.00772	0.61923	0.00418	1	-0.56719	0.62583	0	0
216267	3553.86401	1207399213550	0.90242	0.72258	3553.68359	0.18042	3675	1	0.88054	0.78600	1	0.86902	0.71718	1	0.87478	0.75159	1	0.33468	0.58010	16.54725	1.03091	1	0.71359	0.56261	17.47941	1.02431	1	-0.02803	-0.00929	0.59001	0.00378	1	0.03592	-0.00772	0.61923	0.00418	1	-0.56719	0.62583	0	0
216268	3553.88037	1207399271475	0.90101	0.72499	3553.68359	0.19678	3675	1	0.89879	0.78041	1	0.86925	0.72734	1	0.88402	0.75388	1	0.33470	0.57997	16.78047	1.02139	1	0.71383	0.56245	17.37641	1.01479	1	-0.02803	-0.00929	0.59001	0.00378	1	0.03592	-0.00772	0.61923	0.00418	1	-0.56719	0.62583	0	0
216269	3553.89697	1207399329191	0.89977	0.72711	3553.68359	0.21338	3675	1	0.89814	0.78201	1	0.86925	0.72734	1	0.88370	0.75468	1	0.33488	0.57989	16.44821	1.01669	1	0.71383	0.56245	17.37641	1.01479	1	-0.03063	-0.01017	0.64590	0.00405	1	0.03592	-0.00772	0.61923	0.00409	1	-0.56719	0.62583	0	0
216270	3553.91333	1207399386974	0.89895	0.73003	3553.68359	0.22974	3675	1	0.91062	0.79970	1	0.86437	0.74203	1	0.88750	0.77087	1	0.33522	0.58014	15.98439	1.01669	1	0.71405	0.56290	17.27756	1.01961	1	-0.03063	-0.01017	0.64590	0.00405	1	0.03592	-0.00772	0.61923	0.00409	1	-0.56719	0.62583	0	0
216271	3553.92969	1207399444897	0.89971	0.73022	3553.68359	0.24609	3675	1	0.92258	0.79013	1	0.89950	0.67614	1	0.91104	0.73313	1	0.33537	0.58009	15.99063	1.02621	1	0.71413	0.56313	17.34250	1.02913	1	-0.03063	-0.01017	0.64590	0.00405	1	0.03592	-0.00772	0.61923	0.00409	1	-0.56719	0.62583	0	0
216272	3553.94604	1207399502228	0.90054	0.73019	3553.68359	0.26245	3675	1	0.92408	0.78696	1	0.90353	0.67249	1	0.91381	0.72973	1	0.33569	0.58038	16.23809	1.03574	1	0.71418	0.56318	17.34658	1.03866	1	-0.03063	-0.01017	0.64590	0.00407	1	0.03592	-0.00772	0.61923	0.00418	1	-0.56719	0.62583	0	0
216273	3553.96265	1207399560652	0.90166	0.72969	3553.68359	0.27905	3675	1	0.93818	0.73462	1	0.90325	0.70779	1	0.92071	0.72120	1	0.33581	0.58039	15.66357	1.04526	1	0.71438	0.56358	17.35974	1.04818	1	-0.03063	-0.01017	0.64590	0.00407	1	0.03592	-0.00772	0.61923	0.00418	1	-0.56719	0.62583	0	0
216274	3553.97900	1207399617924	0.90319	0.73019	3553.68359	0.29541	3675	1	0.94378	0.74055	1	0.91780	0.73770	1	0.93079	0.73912	1	0.33581	0.58039	15.66357	1.05479	1	0.71438	0.56358	17.35317	1.05771	1	-0.03063	-0.01017	0.64590	0.00407	1	0.03592	-0.00772	0.61923	0.00418	1	-0.56719	0.62583	0	0
216275	3553.99536	1207399675525	0.90471	0.73047	3553.68359	0.31177	3675	1	0.94540	0.73699	1	0.92191	0.73468	1	0.93365	0.73583	1	0.33566	0.58063	16.39242	1.06431	1	0.71440	0.56364	17.25790	1.06723	1	-0.03063	-0.01017	0.64590	0.00423	1	0.03592	-0.00772	0.61923	0.00428	1	-0.56719	0.62583	0	0
216276	3554.01196	1207399734084	0.90620	0.73017	3553.68359	0.32837	3675	1	0.94997	0.71350	1	0.92171	0.73499	1	0.93584	0.72424	1	0.33567	0.58043	15.63534	1.07383	1	0.71438	0.56398	17.23625	1.07193	1	-0.03063	-0.01017	0.64590	0.00423	1	0.03592	-0.00772	0.61923	0.00428	1	-0.56719	0.62583	0	0
216277	3554.02832	1207399791283	0.90749	0.73058	3553.68359	0.34473	3675	1	0.94278	0.74419	1	0.92641	0.73414	1	0.93459	0.73917	1	0.33567	0.58070	15.58720	1.07383	1	0.71437	0.56406	17.14018	1.07193	1	-0.03063	-0.01017	0.64590	0.00423	1	0.03592	-0.00772	0.61923	0.00428	1	-0.56719	0.62583	0	0
216278	3554.04468	1207399849304	0.90867	0.73096	3553.68359	0.36108	3675	1	0.94278	0.74419	1	0.92641	0.73414	1	0.93459	0.73917	1	0.33542	0.58065	15.87791	1.07383	1	0.71436	0.56405	17.14071	1.07193	1	-0.03063	-0.01017	0.64590	0.00413	1	0.03592	-0.00772	0.61923	0.00427	1	-0.56719	0.62583	0	0
216279	3554.06104	1207399906859	0.90131	0.73184	3553.68359	0.37744	3675	1	0.74448	0.76408	1	0.71979	0.74052	1	0.73214	0.75230	1	0.32828	0.58153	15.32995	1.07383	1	0.70864	0.56492	16.50881	1.07193	1	-0.03063	-0.01017	0.64590	0.00413	1	0.03592	-0.00772	0.61923	0.00427	1	-0.56719	0.62583	0	0
216280	3554.07764	1207399964909	0.88632	0.73480	3553.68359	0.39404	3675	1	0.48897	0.78654	1	0.56414	0.82510	1	0.52656	0.80582	1	0.31815	0.58413	14.52418	1.07383	1	0.69908	0.56538	15.21326	1.07193	1	-0.03063	-0.01017	0.64590	0.00413	1	0.03592	-0.00772	0.61923	0.00427	1	-0.56719	0.62583	0	0
216281	3554.09399	1207400022936	0.84067	0.74981	3553.68359	0.39404	3675	0	0.49006	0.78796	1	0.56362	0.82629	1	0.52684	0.80713	1	0.31738	0.58420	14.45925	1.06901	1	0.69929	0.56573	15.93646	1.06710	1	-0.03166	-0.01018	0.62433	0.00362	1	0.03537	-0.00839	0.64404	0.00411	1	-0.56719	0.62583	0	0
216282	3554.11060	1207400080742	0.63450	0.80286	3553.68359	0.39404	3675	0	0.43394	0.87267	1	0.42271	0.83914	1	0.42833	0.85591	1	0.31403	0.58651	15.45455	1.06418	1	0.69358	0.56772	15.80883	1.06228	1	-0.03166	-0.01018	0.62433	0.00362	1	0.03537	-0.00839	0.64404	0.00411	1	-0.56719	0.62583	0	0
216283	3554.12695	1207400138496	0.56245	0.81995	3553.68359	0.39404	3675	0	0.41699	0.86181	1	0.41968	0.84645	1	0.41833	0.85413	1	0.31382	0.58630	16.02969	1.05936	1	0.69352	0.56769	16.46992	1.05745	1	-0.03166	-0.01018	0.62433	0.00362	1	0.03537	-0.00839	0.64404	0.00411	1	-0.56719	0.62583	0	0
216284	3554.14355	1207400196733	0.42168	0.85491	3553.68359	0.39404	3675	0	0.41699	0.86181	1	0.41979	0.84755	1	0.41839	0.85468	1	0.31386	0.58656	16.11881	1.05936	1	0.69351	0.56771	16.52237	1.05275	1	-0.03482	-0.01118	0.68538	0.00439	1	0.03468	-0.00830	0.63257	0.00413	1	-0.56719	0.62583	0	0
216285	3554.15991	1207400254898	0.41321	0.86763	3553.68359	0.39404	3675	0	0.40463	0.86816	1	0.40486	0.89254	1	0.40475	0.88035	1	0.31360	0.58692	15.92332	1.05466	1	0.69347	0.56778	16.50944	1.04805	1	-0.03482	-0.01118	0.68538	0.00439	1	0.03468	-0.00830	0.63257	0.00413	1	-0.56719	0.62583	0	0
216286	3554.17651	1207400312575	0.41014	0.87653	3553.68359	0.39404	3675	0	0.38598	0.89222	1	0.42199	0.89643	1	0.40398	0.89432	1	0.31358	0.58681	15.92766	1.04996	1	0.69342	0.56783	16.50665	1.04336	1	-0.03482	-0.01118	0.68538	0.00439	1	0.03468	-0.00830	0.63257	0.00413	1	-0.56719	0.62583	0	0
216287	3554.19263	1207400369968	0.40901	0.88133	3554.14355	0.04907	3676	1	0.38913	0.89415	1	0.42209	0.89734	1	0.40561	0.89574	1	0.31374	0.58697	16.50621	1.04044	1	0.69344	0.56790	16.48049	1.03853	1	-0.03223	-0.01045	0.63336	0.00408	1	0.03587	-0.00860	0.65540	0.00421	1	-0.56719	0.62583	0	0
216288	3554.20923	1207400428259	0.40819	0.88062	3554.14355	0.06567	3676	1	0.38839	0.90331	1	0.42142	0.85222	1	0.40490	0.87776	1	0.31337	0.58726	16.65519	1.03561	1	0.69343	0.56808	16.85742	1.03853	1	-0.03223	-0.01045	0.63336	0.00408	1	0.03587	-0.00860	0.65540	0.00421	1	-0.56719	0.62583	0	0
216289	3554.22583	1207400486201	0.40714	0.88653	3554.14355	0.08228	3676	1	0.39095	0.91624	1	0.41284	0.91590	1	0.40189	0.91607	1	0.31339	0.58740	16.68529	1.03561	1	0.69345	0.56850	17.14062	1.03853	1	-0.03223	-0.01045	0.63336	0.00408	1	0.03587	-0.00860	0.65540	0.00421	1	-0.56719	0.62583	0	0
216290	3554.24194	1207400543146	0.40626	0.89062	3554.14355	0.09839	3676	1	0.38934	0.91536	1	0.41269	0.91507	1	0.40102	0.91521	1	0.31341	0.58741	16.74802	1.04044	1	0.69339	0.56855	17.12408	1.04336	1	-0.03326	-0.01076	0.65229	0.00426	1	0.03587	-0.00860	0.65540	0.00439	1	-0.56719	0.62583	0	0
216291	3554.25854	1207400601351	0.40427	0.89000	3554.14355	0.11499	3676	1	0.37209	0.90989	1	0.40856	0.86138	1	0.39033	0.88563	1	0.31337	0.58730	16.82265	1.04526	1	0.69357	0.56841	17.19488	1.04336	1	-0.03326	-0.01076	0.65229	0.00426	1	0.03587	-0.00860	0.65540	0.00439	1	-0.56719	0.62583	0	0
216292	3554.27515	1207400659501	0.40266	0.88948	3554.14355	0.13159	3676	1	0.37131	0.90602	1	0.40828	0.86462	1	0.38979	0.88532	1	0.31336	0.58729	16.80709	1.04996	1	0.69349	0.56859	17.00741	1.04805	1	-0.03326	-0.01076	0.65229	0.00426	1	0.03587	-0.00860	0.65540	0.00439	1	-0.56719	0.62583	0	0
216293	3554.29150	1207400717290	0.40137	0.88901	3554.14355	0.14795	3676	1	0.37135	0.90605	1	0.40810	0.86346	1	0.38972	0.88475	1	0.31274	0.58752	16.25068	1.04983	1	0.69316	0.56892	16.83936	1.05335	1	-0.03235	-0.01041	0.63110	0.00404	1	0.03635	-0.00882	0.66753	0.00444	1	-0.56719	0.62583	0	0
216294	3554.30786	1207400775186	0.38880	0.88904	3554.14355	0.16431	3676	1	0.26729	0.88498	1	0.25904	0.89381	1	0.26317	0.88939	1	0.30877	0.58927	17.81279	1.05513	1	0.68756	0.56986	17.19331	1.06347	1	-0.03235	-0.01041	0.63110	0.00404	1	0.03635	-0.00882	0.66753	0.00444	1	-0.56719	0.62583	0	0
216295	3554.32422	1207400832460	0.37152	0.88929	3554.14355	0.18066	3676	1	0.18861	0.88992	1	0.17427	0.89413	1	0.18144	0.89203	1	0.30613	0.58979	18.40983	1.06055	1	0.68444	0.56987	17.40316	1.06889	1	-0.03235	-0.01041	0.63110	0.00404	1	0.03635	-0.00882	0.66753	0.00444	1	-0.56719	0.62583	0	0
216296	3554.34058	1207400889742	0.35649	0.88930	3554.14355	0.19702	3676	1	0.18059	0.88682	1	0.17170	0.89212	1	0.17615	0.88947	1	0.30520	0.58969	17.99571	1.07636	1	0.68324	0.56994	16.85888	1.07928	1	-0.03601	-0.01141	0.68734	0.00499	1	0.03406	-0.00849	0.64214	0.00438	1	-0.56719	0.62583	0	0
216297	3554.35693	1207400947188	0.34053	0.89237	3554.14355	0.21338	3676	1	0.11484	0.92712	1	0.15108	0.93733	1	0.13296	0.93223	1	0.30458	0.58933	18.03782	1.08676	1	0.68251	0.56921	16.72961	1.08485	1	-0.03601	-0.01141	0.68734	0.00499	1	0.03406	-0.00849	0.64214	0.00438	1	-0.56719	0.62583	0	0
216298	3554.37329	1207401005351	0.32741	0.89643	3554.14355	0.22974	3676	1	0.14917	0.92446	1	0.13845	0.98211	1	0.14381	0.95328	1	0.30432	0.58894	18.09911	1.09232	1	0.68244	0.56931	16.64692	1.09042	1	-0.03601	-0.01141	0.68734	0.00499	1	0.03406	-0.00849	0.64214	0.00438	1	-0.56719	0.62583	0	0
216299	3554.38989	1207401063404	0.28497	0.90622	3554.14355	0.22974	3676	0	0.14917	0.92446	1	0.13975	0.98261	1	0.14446	0.95354	1	0.30439	0.58915	18.28128	1.09232	1	0.68249	0.56923	16.75373	1.08572	1	-0.03407	-0.01065	0.64906	0.00486	1	0.03266	-0.00807	0.61469	0.00419	1	-0.56719	0.62583	0	0
216300	3554.40625	1207401121240	0.20835	0.91807	3554.14355	0.22974	3676	0	0.12662	0.89495	1	0.13685	0.96487	1	0.13174	0.92991	1	0.30433	0.58900	18.23157	1.08762	1	0.68259	0.56933	16.54052	1.08585	1	-0.03407	-0.01065	0.64906	0.00486	1	0.03266	-0.00807	0.61469	0.00419	1	-0.56719	0.62583	0	0
216301	3554.42261	1207401178350	0.18765	0.92358	3554.14355	0.22974	3676	0	0.13909	0.88724	1	0.15341	0.98197	1	0.14625	0.93461	1	0.30433	0.58900	18.23157	1.08233	1	0.68254	0.56930	16.68150	1.08055	1	-0.03407	-0.01065	0.64906	0.00486	1	0.03266	-0.00807	0.61469	0.00419	1	-0.56719	0.62583	0	0
216302	3554.43921	1207401237447	0.14277	0.93355	3554.14355	0.22974	3676	0	0.14456	0.88920	1	0.15610	0.98306	1	0.15033	0.93613	1	0.30428	0.58889	18.12060	1.07221	1	0.68249	0.56938	16.58086	1.07043	1	-0.03248	-0.01014	0.61783	0.00450	1	0.03266	-0.00807	0.61469	0.00409	1	-0.56719	0.62583	0	0
216303	3554.45581	1207401295360	0.15880	0.93617	3554.14355	0.22974	3676	0	0.18659	0.88937	1	0.16306	0.98820	1	0.17482	0.93879	1	0.30412	0.58901	18.16496	1.06209	1	0.68257	0.56925	16.47429	1.04992	1	-0.03248	-0.01014	0.61783	0.00450	1	0.03266	-0.00807	0.61469	0.00409	1	-0.56719	0.62583	0	0
216304	3554.47192	1207401352371	0.16340	0.94436	3554.14355	0.22974	3676	0	0.19327	0.95202	1	0.15197	0.96946	1	0.17262	0.96074	1	0.30406	0.58883	18.25247	1.04700	1	0.68255	0.56879	16.62614	1.03483	1	-0.03248	-0.01014	0.61783	0.00450	1	0.03266	-0.00807	0.61469	0.00409	1	-0.56719	0.62583	0	0
216305	3554.48853	1207401410522	0.16705	0.94889	3554.43921	0.04932	3677	1	0.20107	0.95424	1	0.15487	0.97076	1	0.17797	0.96250	1	0.30401	0.58880	18.16704	1.03191	1	0.68249	0.56849	16.37129	1.02443	1	-0.03248	-0.01014	0.61783	0.00434	1	0.03406	-0.00837	0.64214	0.00404	1	-0.56719	0.62583	0	0
216306	3554.50464	1207401467629	0.16800	0.95069	3554.43921	0.06543	3677	1	0.19388	0.96571	1	0.14976	0.95000	1	0.17182	0.95786	1	0.30376	0.58871	18.20004	1.02151	1	0.68248	0.56870	16.79638	1.01961	1	-0.03248	-0.01014	0.61783	0.00434	1	0.03406	-0.00837	0.64214	0.00404	1	-0.56719	0.62583	0	0
216307	3554.52148	1207401526406	0.16928	0.94877	3554.43921	0.08228	3677	1	0.18456	0.91892	1	0.16683	0.95948	1	0.17569	0.93920	1	0.30373	0.58880	18.21253	1.02139	1	0.68241	0.56860	16.85786	1.01948	1	-0.03248	-0.01014	0.61783	0.00434	1	0.03406	-0.00837	0.64214	0.00404	1	-0.56719	0.62583	0	0
216308	3554.53784	1207401583928	0.17021	0.94741	3554.43921	0.09863	3677	1	0.18462	0.91894	1	0.16686	0.95950	1	0.17574	0.93922	1	0.30356	0.58895	17.97668	1.02126	1	0.68241	0.56830	16.72784	1.01936	1	-0.03290	-0.01032	0.62566	0.00431	1	0.03406	-0.00837	0.64214	0.00411	1	-0.56719	0.62583	0	0
216309	3554.55444	1207401642008	0.16737	0.94448	3554.43921	0.11523	3677	1	0.14924	0.89951	1	0.14575	0.94854	1	0.14749	0.92403	1	0.30338	0.58885	18.15746	1.02113	1	0.68213	0.56835	16.25346	1.02405	1	-0.03290	-0.01032	0.62566	0.00431	1	0.03406	-0.00837	0.64214	0.00411	1	-0.56719	0.62583	0	0
216310	3554.57056	1207401699418	0.16665	0.94411	3554.43921	0.13135	3677	1	0.14887	0.91567	1	0.17301	0.96654	1	0.16094	0.94111	1	0.30329	0.58897	18.45939	1.02583	1	0.68196	0.56822	16.49801	1.02875	1	-0.03290	-0.01032	0.62566	0.00431	1	0.03406	-0.00837	0.64214	0.00411	1	-0.56719	0.62583	0	0
216311	3554.58691	1207401756721	0.16569	0.94366	3554.43921	0.14771	3677	1	0.14349	0.91396	1	0.17053	0.96532	1	0.15701	0.93964	1	0.30319	0.58903	18.43215	1.03536	1	0.68184	0.56888	16.92123	1.03828	1	-0.03460	-0.01074	0.65459	0.00468	1	0.03450	-0.00851	0.65268	0.00430	1	-0.56719	0.62583	0	0
216312	3554.60352	1207401814668	0.16498	0.94085	3554.43921	0.16431	3677	1	0.13683	0.88543	1	0.17901	0.94000	1	0.15792	0.91271	1	0.30304	0.58883	18.19059	1.04488	1	0.68221	0.56836	17.29561	1.04780	1	-0.03460	-0.01074	0.65459	0.00468	1	0.03450	-0.00851	0.65268	0.00430	1	-0.56719	0.62583	0	0
216313	3554.61987	1207401872702	0.17590	0.92458	3554.43921	0.18066	3677	1	0.27089	0.78305	1	0.32099	0.70817	1	0.29594	0.74561	1	0.30686	0.58377	17.85324	1.04970	1	0.68609	0.56337	16.32569	1.05263	1	-0.03460	-0.01074	0.65459	0.00468	1	0.03450	-0.00851	0.65268	0.00430	1	-0.56719	0.62583	0	0
216314	3554.63647	1207401930833	0.18513	0.91081	3554.43921	0.19727	3677	1	0.27089	0.78305	1	0.32099	0.70817	1	0.29594	0.74561	1	0.30776	0.58234	18.36403	1.04970	1	0.68715	0.56183	16.81969	1.05263	1	-0.03283	-0.00979	0.64035	0.00463	1	0.03507	-0.00765	0.64731	0.00430	1	-0.56719	0.62583	0	0
216315	3554.65283	1207401988504	0.20225	0.88144	3554.43921	0.21362	3677	1	0.38893	0.53896	1	0.46063	0.46017	1	0.42478	0.49957	1	0.31332	0.57285	17.27673	1.04970	1	0.69173	0.55229	17.21424	1.05263	1	-0.03283	-0.00979	0.64035	0.00463	1	0.03507	-0.00765	0.64731	0.00430	1	-0.56719	0.62583	0	0
216316	3554.66919	1207402046048	0.23171	0.83360	3554.43921	0.21362	3677	0	0.42096	0.52168	1	0.45747	0.47049	1	0.43922	0.49609	1	0.31324	0.57259	17.54979	1.04970	1	0.69189	0.55132	16.64363	1.05263	1	-0.03283	-0.00979	0.64035	0.00463	1	0.03507	-0.00765	0.64731	0.00430	1	-0.56719	0.62583	0	0
216317	3554.68579	1207402104048	0.33546	0.66484	3554.43921	0.21362	3677	0	0.42096	0.52168	1	0.45747	0.47049	1	0.43922	0.49609	1	0.31340	0.57217	17.68571	1.04970	1	0.69188	0.55076	17.01805	1.05263	1	-0.03198	-0.00927	0.62613	0.00436	1	0.03549	-0.00741	0.65285	0.00439	1	-0.56719	0.62583	0	0
216318	3554.70190	1207402160838	0.36829	0.60614	3554.43921	0.21362	3677	0	0.43456	0.51209	1	0.43331	0.46536	1	0.43394	0.48872	1	0.31312	0.57190	17.97177	1.04970	1	0.69204	0.55065	16.95364	1.04780	1	-0.03198	-0.00927	0.62613	0.00436	1	0.03549	-0.00741	0.65285	0.00439	1	-0.56719	0.62583	0	0
216319	3554.71851	1207402219626	0.43532	0.49113	3554.43921	0.21362	3677	0	0.42420	0.51401	1	0.44139	0.46317	1	0.43279	0.48859	1	0.31296	0.57193	17.83487	1.04488	1	0.69206	0.55055	16.99818	1.04297	1	-0.03198	-0.00927	0.62613	0.00436	1	0.03549	-0.00741	0.65285	0.00439	1	-0.56719	0.62583	0	0
216320	3554.73486	1207402277016	0.43438	0.49125	3554.43921	0.21362	3677	0	0.42551	0.51663	1	0.44139	0.46610	1	0.43345	0.49136	1	0.31280	0.57184	17.56124	1.04005	1	0.69213	0.55064	17.01575	1.03815	1	-0.03235	-0.00935	0.63110	0.00432	1	0.03549	-0.00741	0.65285	0.00432	1	-0.56719	0.62583	0	0
216321	3554.75146	1207402335442	0.43178	0.49197	3554.43921	0.21362	3677	0	0.41308	0.52006	1	0.44005	0.46679	1	0.42656	0.49343	1	0.31261	0.57199	17.91917	1.03523	1	0.69245	0.55062	16.92767	1.03815	1	-0.03235	-0.00935	0.63110	0.00432	1	0.03549	-0.00741	0.65285	0.00432	1	-0.56719	0.62583	0	0
216322	3554.76807	1207402393571	0.43155	0.49389	3554.71851	0.04956	3678	1	0.41785	0.51792	1	0.44390	0.48132	1	0.43088	0.49962	1	0.31257	0.57195	17.99780	1.03523	1	0.69282	0.55089	17.00165	1.03815	1	-0.03235	-0.00935	0.63110	0.00432	1	0.03549	-0.00741	0.65285	0.00432	1	-0.56719	0.62583	0	TRIALEND=1493324707881
